incident_id,incident_type,person_trapped,injury_reported,fire_present,hospital_affected,elderly_or_children,hazardous_material,building_collapse_flag,critical_infrastructure,num_sources,ground_confirmed,agreement_ratio,recency_minutes,num_reports,severity_score,severity_class,confidence_score
1,fire,0,0,1,0,1,0,0,0,3.0,0.0,0.82,98.0,9,73,HIGH,94.8
2,flood,0,0,0,0,0,0,0,1,,0.0,0.49,39.0,9,21,LOW,83.3
3,power_outage,0,1,0,0,0,0,0,0,1.0,0.0,0.76,89.0,7,40,MEDIUM,54.7
4,power_outage,0,0,0,0,1,0,0,0,1.0,0.0,0.78,119.0,9,19,LOW,50.3
5,road_blockage,0,0,0,0,0,0,0,0,1.0,0.0,0.72,168.0,9,3,LOW,35.9
6,fire,0,0,1,0,0,0,0,1,3.0,0.0,0.64,156.0,10,76,HIGH,79.5
7,industrial_accident,1,1,0,0,1,1,0,0,3.0,0.0,0.8,73.0,15,100,CRITICAL,91.1
8,industrial_accident,0,0,0,0,1,1,0,0,2.0,1.0,0.52,168.0,19,73,HIGH,84.5
9,road_blockage,0,0,0,0,1,0,0,0,2.0,0.0,0.92,152.0,6,26,LOW,76.5
10,industrial_accident,0,0,0,0,0,1,0,1,3.0,1.0,0.28,144.0,9,73,HIGH,100.0
11,fire,0,0,1,0,0,0,0,1,1.0,0.0,,164.0,8,77,HIGH,38.0
12,medical_emergency,0,1,0,0,0,0,0,0,3.0,1.0,0.84,10.0,7,44,MEDIUM,100.0
13,medical_emergency,0,0,0,0,0,1,0,0,2.0,1.0,0.64,42.0,9,41,HIGH,90.7
14,road_blockage,0,0,0,0,0,0,0,1,3.0,0.0,0.7,117.0,29,17,LOW,79.8
15,industrial_accident,0,1,0,1,0,1,0,0,2.0,0.0,0.67,6.0,10,100,CRITICAL,77.4
16,power_outage,0,1,0,0,0,1,0,0,1.0,0.0,0.24,39.0,9,71,HIGH,42.9
17,road_blockage,0,1,0,0,1,0,0,0,1.0,1.0,0.89,75.0,5,60,HIGH,72.6
18,flood,1,0,0,0,0,1,0,1,1.0,,0.57,53.0,23,100,CRITICAL,49.4
19,building_collapse,0,0,0,0,1,1,1,1,3.0,1.0,0.95,150.0,13,100,CRITICAL,100.0
20,power_outage,0,1,0,0,1,0,0,0,2.0,0.0,1.0,167.0,11,55,MEDIUM,72.8
21,industrial_accident,1,0,0,0,1,1,0,0,3.0,0.0,0.25,55.0,17,100,CRITICAL,70.2
22,road_blockage,1,0,0,0,0,0,0,0,3.0,1.0,0.84,17.0,21,43,MEDIUM,100.0
23,medical_emergency,0,0,0,0,0,0,0,0,2.0,0.0,0.79,28.0,23,5,LOW,69.5
24,chemical_leak,0,0,0,0,0,1,0,0,,0.0,0.76,156.0,13,32,MEDIUM,62.3
25,building_collapse,0,0,0,0,0,0,1,0,2.0,0.0,0.62,147.0,9,50,MEDIUM,62.5
26,power_outage,1,0,0,0,0,0,0,0,1.0,,0.59,168.0,9,37,MEDIUM,33.8
27,medical_emergency,1,0,0,0,1,0,0,0,1.0,,,72.0,12,77,HIGH,65.4
28,building_collapse,0,0,0,0,0,1,1,0,2.0,0.0,1.0,160.0,7,100,CRITICAL,83.1
29,fire,0,1,1,0,1,0,0,0,2.0,1.0,0.87,23.0,13,100,CRITICAL,100.0
30,road_blockage,1,0,0,0,0,0,0,0,2.0,1.0,0.75,141.0,13,47,LOW,77.9
31,power_outage,0,1,0,0,0,0,0,0,2.0,0.0,,75.0,10,28,LOW,70.1
32,industrial_accident,0,1,0,0,1,1,0,0,1.0,0.0,0.81,,36,100,CRITICAL,52.8
33,building_collapse,1,0,0,0,0,0,1,0,1.0,0.0,0.71,23.0,9,99,CRITICAL,49.9
34,road_blockage,0,0,0,0,1,0,0,0,2.0,0.0,0.76,77.0,17,16,LOW,81.8
35,building_collapse,0,0,0,0,0,0,1,1,2.0,0.0,1.0,33.0,16,77,HIGH,81.4
36,building_collapse,0,0,0,0,0,0,1,0,3.0,0.0,0.72,32.0,17,49,MEDIUM,94.1
37,chemical_leak,1,0,0,1,1,1,0,0,1.0,1.0,1.0,24.0,9,100,CRITICAL,84.6
38,flood,1,1,0,0,1,0,0,0,3.0,0.0,0.73,43.0,16,100,CRITICAL,99.2
39,road_blockage,0,1,0,0,0,0,0,0,3.0,0.0,0.66,144.0,10,31,MEDIUM,81.9
40,flood,0,0,0,0,1,0,0,1,2.0,1.0,0.85,28.0,10,37,MEDIUM,100.0
41,industrial_accident,0,0,0,1,0,1,0,1,1.0,0.0,,100.0,21,98,CRITICAL,54.7
42,medical_emergency,1,0,0,0,0,0,0,0,2.0,0.0,0.88,95.0,14,50,MEDIUM,73.7
43,fire,0,1,0,0,1,0,0,1,,0.0,0.51,172.0,6,89,CRITICAL,73.7
44,industrial_accident,0,0,0,0,0,1,0,0,3.0,0.0,0.99,14.0,9,43,MEDIUM,97.5
45,medical_emergency,0,0,0,0,0,0,0,0,1.0,0.0,0.69,34.0,11,0,LOW,52.5
46,fire,1,0,1,0,0,0,0,0,2.0,0.0,1.0,114.0,6,94,CRITICAL,69.9
47,building_collapse,1,1,0,0,0,0,1,0,2.0,1.0,0.55,67.0,10,100,CRITICAL,84.8
48,building_collapse,0,0,0,0,0,1,1,0,2.0,1.0,0.83,,16,92,CRITICAL,100.0
49,power_outage,0,0,0,1,1,0,0,0,3.0,0.0,0.67,89.0,15,54,MEDIUM,89.8
50,industrial_accident,1,0,0,0,1,1,0,0,3.0,0.0,0.51,81.0,9,100,CRITICAL,94.1
51,medical_emergency,1,0,0,0,1,0,0,0,3.0,0.0,1.0,80.0,12,75,HIGH,100.0
52,road_blockage,0,1,0,0,1,0,0,1,2.0,0.0,0.59,161.0,8,91,CRITICAL,53.9
53,building_collapse,1,0,0,0,0,0,1,1,1.0,1.0,0.66,138.0,19,100,CRITICAL,67.0
54,medical_emergency,0,0,0,0,0,0,0,1,2.0,1.0,0.9,34.0,15,19,LOW,100.0
55,fire,0,1,1,0,0,0,0,0,2.0,0.0,0.87,73.0,12,86,HIGH,82.8
56,industrial_accident,0,0,0,0,0,1,0,1,2.0,0.0,0.86,178.0,8,76,HIGH,68.8
57,road_blockage,0,1,0,0,0,0,0,0,1.0,1.0,0.73,68.0,9,38,MEDIUM,81.6
58,road_blockage,1,1,0,1,0,0,1,0,3.0,1.0,0.89,64.0,9,100,CRITICAL,100.0
59,fire,0,0,1,0,0,0,0,0,1.0,0.0,0.39,76.0,9,62,HIGH,47.2
60,building_collapse,0,0,0,0,0,0,1,0,3.0,0.0,0.91,102.0,12,65,HIGH,100.0
61,medical_emergency,0,0,0,0,0,0,0,1,,0.0,0.8,91.0,9,30,LOW,50.2
62,road_blockage,0,1,0,0,0,0,1,0,1.0,0.0,0.92,106.0,12,100,CRITICAL,54.1
63,building_collapse,0,0,0,0,0,0,1,0,2.0,1.0,0.66,131.0,6,45,MEDIUM,94.2
64,road_blockage,0,0,0,0,1,0,0,0,1.0,0.0,0.74,50.0,21,20,LOW,51.7
65,medical_emergency,1,0,1,1,1,0,0,0,3.0,0.0,0.94,16.0,9,100,CRITICAL,100.0
66,flood,0,1,0,0,1,0,0,1,1.0,,0.64,177.0,11,68,CRITICAL,60.4
67,flood,0,1,0,0,0,0,0,0,3.0,0.0,0.79,37.0,21,36,MEDIUM,82.1
68,road_blockage,1,1,0,0,0,0,0,0,2.0,0.0,0.61,42.0,4,84,CRITICAL,67.0
69,flood,0,0,0,0,1,0,0,0,2.0,0.0,0.44,3.0,9,25,LOW,65.1
70,industrial_accident,0,0,0,0,1,1,0,0,1.0,0.0,0.79,29.0,6,68,HIGH,51.8
71,flood,1,1,0,0,0,0,0,0,3.0,1.0,0.52,164.0,31,92,CRITICAL,96.2
72,medical_emergency,1,0,0,1,0,0,0,0,3.0,0.0,0.6,133.0,5,77,HIGH,79.4
73,power_outage,0,1,0,0,1,0,0,0,,0.0,0.57,58.0,19,60,HIGH,90.5
74,building_collapse,1,1,0,1,0,0,1,0,2.0,1.0,0.76,6.0,11,100,CRITICAL,100.0
75,power_outage,0,1,0,1,0,0,0,0,1.0,1.0,0.82,170.0,10,71,HIGH,70.2
76,building_collapse,1,1,1,0,0,0,1,0,2.0,,0.78,118.0,12,100,CRITICAL,74.0
77,industrial_accident,1,1,0,0,1,1,0,0,2.0,0.0,,62.0,10,100,CRITICAL,71.3
78,building_collapse,1,1,0,0,1,1,1,0,1.0,0.0,0.65,87.0,76,100,CRITICAL,45.4
79,building_collapse,1,0,0,0,1,0,1,0,3.0,,,110.0,15,100,CRITICAL,100.0
80,fire,0,0,1,0,0,0,0,0,1.0,0.0,0.98,109.0,21,54,MEDIUM,53.8
81,road_blockage,1,0,0,0,0,0,0,0,3.0,1.0,0.43,1.0,10,61,HIGH,100.0
82,medical_emergency,0,0,0,0,1,0,0,0,3.0,1.0,0.85,97.0,5,31,MEDIUM,100.0
83,flood,0,1,0,0,0,0,0,0,2.0,1.0,0.91,43.0,4,39,LOW,100.0
84,chemical_leak,1,0,0,0,0,1,0,0,2.0,0.0,0.45,168.0,10,100,CRITICAL,64.2
85,road_blockage,1,0,0,0,0,0,0,0,1.0,0.0,,145.0,41,52,MEDIUM,46.0
86,chemical_leak,0,0,0,1,0,1,0,1,3.0,0.0,0.76,151.0,8,94,CRITICAL,99.3
87,power_outage,1,0,0,0,0,0,0,0,3.0,,0.56,,7,50,MEDIUM,100.0
88,building_collapse,0,0,0,0,0,0,1,1,1.0,0.0,0.6,68.0,25,73,HIGH,42.6
89,flood,0,1,0,0,0,0,0,0,2.0,0.0,1.0,9.0,31,28,LOW,78.2
90,road_blockage,1,0,0,0,1,0,0,1,1.0,1.0,1.0,3.0,9,92,CRITICAL,88.2
91,road_blockage,0,0,0,0,1,0,0,0,1.0,0.0,0.74,125.0,19,17,LOW,53.3
92,flood,0,0,0,0,0,0,0,1,3.0,0.0,0.61,166.0,7,21,LOW,80.9
93,road_blockage,0,0,0,1,0,0,0,0,,0.0,0.78,115.0,9,36,MEDIUM,66.1
94,power_outage,1,1,0,0,1,0,0,0,1.0,1.0,0.67,179.0,12,100,CRITICAL,61.4
95,road_blockage,0,0,0,0,1,0,0,0,3.0,1.0,0.73,134.0,8,14,LOW,100.0
96,building_collapse,0,0,0,1,0,0,1,0,2.0,0.0,,51.0,11,80,CRITICAL,56.6
97,flood,1,0,0,0,1,0,0,1,2.0,0.0,0.81,158.0,8,100,CRITICAL,68.8
98,chemical_leak,1,0,0,1,0,1,0,1,3.0,0.0,0.66,13.0,23,100,CRITICAL,90.5
99,medical_emergency,1,0,0,0,1,0,0,0,2.0,0.0,0.62,140.0,9,72,HIGH,50.0
100,power_outage,1,1,0,0,0,0,0,0,,1.0,0.97,164.0,10,86,CRITICAL,100.0
101,building_collapse,0,1,0,0,0,0,1,0,1.0,1.0,0.67,179.0,17,100,CRITICAL,63.0
102,road_blockage,0,1,0,0,0,0,0,1,2.0,0.0,0.74,118.0,6,70,HIGH,71.4
103,flood,0,1,1,0,1,0,0,0,1.0,0.0,0.81,56.0,14,100,CRITICAL,49.4
104,chemical_leak,1,0,0,0,0,1,0,0,3.0,0.0,0.4,115.0,8,100,CRITICAL,78.4
105,industrial_accident,1,1,0,1,1,1,0,0,1.0,0.0,0.91,168.0,9,100,CRITICAL,50.8
106,building_collapse,0,0,1,0,0,0,1,0,1.0,1.0,1.0,24.0,9,100,CRITICAL,91.7
107,power_outage,0,1,0,0,1,0,0,0,1.0,1.0,0.51,45.0,12,44,MEDIUM,72.5
108,road_blockage,0,0,1,0,1,0,0,1,3.0,0.0,1.0,34.0,15,95,CRITICAL,100.0
109,medical_emergency,0,1,0,0,0,0,0,0,3.0,0.0,0.68,116.0,7,21,LOW,74.5
110,building_collapse,0,0,1,0,0,0,1,0,3.0,0.0,0.82,107.0,17,100,CRITICAL,94.4
111,power_outage,0,1,0,0,0,0,0,1,3.0,1.0,1.0,58.0,10,75,HIGH,100.0
112,power_outage,0,0,0,0,0,0,0,0,3.0,1.0,1.0,13.0,9,0,LOW,100.0
113,building_collapse,1,0,0,0,0,0,1,0,1.0,,0.73,141.0,11,98,CRITICAL,69.7
114,medical_emergency,1,0,0,0,0,0,0,0,3.0,1.0,0.7,29.0,21,53,MEDIUM,100.0
115,medical_emergency,0,1,0,0,0,0,0,0,2.0,0.0,,63.0,10,46,MEDIUM,67.8
116,flood,1,0,1,0,1,0,0,0,2.0,1.0,0.74,,12,100,CRITICAL,93.9
117,power_outage,1,1,1,1,0,0,0,1,1.0,1.0,0.61,54.0,4,100,CRITICAL,69.0
118,medical_emergency,0,0,0,1,1,1,0,0,1.0,1.0,0.88,25.0,8,100,CRITICAL,84.7
119,building_collapse,0,1,0,0,1,0,1,0,2.0,0.0,0.45,141.0,23,100,CRITICAL,67.4
120,fire,1,0,1,0,1,0,0,0,1.0,0.0,0.46,62.0,9,100,CRITICAL,49.5
121,chemical_leak,0,1,0,0,0,1,0,0,3.0,0.0,0.57,54.0,17,100,CRITICAL,92.3
122,building_collapse,0,0,0,0,0,0,1,0,3.0,1.0,1.0,176.0,10,60,MEDIUM,100.0
123,medical_emergency,1,0,0,0,0,1,0,0,3.0,1.0,0.98,133.0,9,79,CRITICAL,100.0
124,fire,0,0,1,1,1,0,0,0,2.0,0.0,0.69,86.0,15,99,CRITICAL,63.8
125,medical_emergency,0,0,0,0,0,0,0,0,3.0,0.0,0.7,121.0,10,8,LOW,78.3
126,chemical_leak,1,0,0,1,0,1,0,0,1.0,1.0,,44.0,19,100,CRITICAL,67.1
127,power_outage,0,0,0,0,1,0,0,1,2.0,0.0,0.78,9.0,15,46,MEDIUM,78.2
128,industrial_accident,0,0,0,0,0,1,1,0,1.0,0.0,0.82,134.0,3,100,CRITICAL,47.5
129,road_blockage,0,0,0,0,0,0,0,0,3.0,0.0,0.64,18.0,15,9,LOW,94.5
130,building_collapse,0,1,0,0,0,0,1,1,3.0,0.0,0.94,29.0,7,100,CRITICAL,100.0
131,industrial_accident,0,0,0,0,0,1,0,0,3.0,1.0,0.65,92.0,19,50,MEDIUM,100.0
132,road_blockage,0,1,0,0,0,0,0,0,3.0,0.0,0.78,80.0,9,33,MEDIUM,98.6
133,road_blockage,1,0,0,0,0,0,0,0,1.0,1.0,0.78,150.0,19,60,HIGH,71.6
134,flood,0,1,0,0,0,0,0,0,1.0,,0.55,96.0,8,32,MEDIUM,66.5
135,building_collapse,0,0,0,0,1,0,1,0,2.0,0.0,0.88,171.0,12,83,CRITICAL,64.1
136,fire,0,0,1,1,0,0,0,0,3.0,0.0,0.71,31.0,7,76,HIGH,94.3
137,building_collapse,0,0,0,1,1,0,1,0,3.0,0.0,0.52,113.0,7,92,CRITICAL,73.7
138,fire,1,1,1,0,0,0,0,1,3.0,0.0,0.71,120.0,3,100,CRITICAL,83.5
139,flood,1,1,0,0,1,0,0,0,1.0,1.0,0.83,65.0,3,100,CRITICAL,75.2
140,building_collapse,0,0,0,0,0,0,1,0,3.0,0.0,0.74,158.0,8,50,MEDIUM,87.1
141,flood,0,1,0,1,0,0,0,0,3.0,0.0,0.48,41.0,8,56,HIGH,90.9
142,flood,1,0,0,0,0,0,0,0,3.0,0.0,1.0,70.0,13,45,MEDIUM,100.0
143,chemical_leak,1,0,0,0,0,1,0,0,2.0,0.0,1.0,33.0,10,99,CRITICAL,87.3
144,medical_emergency,0,0,0,0,0,0,0,0,1.0,0.0,0.79,116.0,11,0,LOW,53.6
145,flood,1,1,0,0,1,0,0,0,2.0,1.0,0.64,124.0,4,95,CRITICAL,90.9
146,building_collapse,0,0,0,0,0,0,1,0,1.0,0.0,0.95,165.0,25,46,MEDIUM,50.0
147,flood,0,0,0,0,0,0,1,1,1.0,0.0,,9.0,15,83,CRITICAL,62.9
148,fire,0,0,1,1,0,0,0,0,2.0,0.0,1.0,16.0,8,79,CRITICAL,77.3
149,chemical_leak,0,0,0,0,0,1,0,0,2.0,0.0,1.0,78.0,4,51,MEDIUM,80.2
150,fire,1,1,1,0,1,0,0,1,1.0,0.0,,81.0,7,100,CRITICAL,54.5
151,building_collapse,0,0,0,0,0,0,1,0,2.0,1.0,0.62,123.0,19,53,MEDIUM,93.7
152,industrial_accident,0,1,0,0,0,1,0,0,3.0,0.0,0.7,4.0,5,76,HIGH,95.6
153,medical_emergency,0,1,1,1,0,0,0,0,3.0,1.0,0.99,44.0,25,100,CRITICAL,100.0
154,fire,0,1,1,0,0,0,0,0,2.0,0.0,0.89,153.0,7,83,CRITICAL,60.7
155,chemical_leak,1,0,0,1,0,1,0,0,2.0,0.0,0.87,37.0,7,100,CRITICAL,87.0
156,medical_emergency,0,0,1,1,0,0,0,0,2.0,1.0,0.63,136.0,6,88,CRITICAL,87.2
157,flood,0,0,0,0,0,0,0,0,3.0,0.0,0.69,103.0,19,10,LOW,81.3
158,power_outage,1,0,0,0,1,0,0,0,3.0,0.0,0.97,113.0,31,73,HIGH,91.9
159,industrial_accident,0,0,0,0,0,1,0,1,2.0,0.0,0.14,145.0,7,63,MEDIUM,42.0
160,building_collapse,1,0,0,0,0,0,1,1,3.0,1.0,0.54,3.0,12,100,CRITICAL,100.0
161,medical_emergency,1,0,0,0,1,0,0,0,3.0,1.0,0.79,101.0,9,51,MEDIUM,100.0
162,road_blockage,0,0,0,0,0,0,0,0,,0.0,1.0,104.0,21,8,LOW,98.0
163,flood,0,1,0,0,0,0,0,0,2.0,0.0,0.45,158.0,31,44,MEDIUM,53.3
164,fire,0,0,1,1,1,0,0,0,1.0,0.0,0.84,52.0,11,96,CRITICAL,51.2
165,medical_emergency,0,1,1,1,0,0,0,0,3.0,0.0,0.95,34.0,12,100,CRITICAL,98.7
166,building_collapse,0,0,0,0,0,1,1,0,2.0,0.0,0.78,70.0,7,100,CRITICAL,73.3
167,fire,1,0,1,0,0,0,0,1,1.0,1.0,,77.0,8,100,CRITICAL,79.6
168,medical_emergency,0,0,0,0,1,0,0,0,1.0,1.0,0.56,18.0,11,20,LOW,75.9
169,medical_emergency,0,0,0,0,1,0,0,0,3.0,1.0,0.67,39.0,9,27,MEDIUM,100.0
170,medical_emergency,0,1,1,0,1,0,1,0,1.0,0.0,0.66,121.0,11,100,CRITICAL,53.2
171,power_outage,0,0,0,0,1,0,0,1,,1.0,0.88,54.0,17,41,MEDIUM,100.0
172,fire,1,1,1,0,1,0,0,1,2.0,1.0,0.57,93.0,15,100,CRITICAL,94.5
173,medical_emergency,0,0,0,0,0,0,0,1,2.0,0.0,0.96,12.0,17,22,LOW,79.6
174,medical_emergency,0,0,0,0,0,0,0,0,1.0,0.0,0.6,76.0,9,0,LOW,50.8
175,building_collapse,0,0,0,0,1,0,1,0,2.0,,0.9,1.0,16,81,CRITICAL,83.3
176,medical_emergency,0,0,0,0,0,1,0,0,2.0,0.0,0.8,125.0,10,42,MEDIUM,74.5
177,power_outage,0,0,0,1,1,0,0,0,3.0,1.0,1.0,60.0,9,41,MEDIUM,100.0
178,road_blockage,0,0,0,1,1,0,0,0,1.0,0.0,0.8,117.0,9,44,MEDIUM,54.0
179,fire,0,1,1,0,0,0,0,1,2.0,0.0,1.0,147.0,9,100,CRITICAL,75.6
180,industrial_accident,0,0,0,0,1,1,0,0,1.0,1.0,,169.0,7,66,HIGH,67.7
181,power_outage,0,0,0,0,0,0,0,0,3.0,1.0,0.83,144.0,17,0,LOW,100.0
182,chemical_leak,1,1,0,0,1,1,0,1,3.0,0.0,0.41,38.0,17,100,CRITICAL,84.1
183,flood,1,0,0,0,1,0,0,0,2.0,0.0,0.9,142.0,9,74,HIGH,70.7
184,flood,0,0,0,0,0,0,0,0,2.0,1.0,0.46,51.0,10,3,LOW,99.9
185,road_blockage,1,1,0,0,0,0,0,0,2.0,0.0,0.65,176.0,8,100,CRITICAL,50.5
186,chemical_leak,0,0,0,0,0,1,0,0,2.0,0.0,0.47,38.0,17,48,MEDIUM,71.5
187,fire,0,1,1,0,0,0,0,0,1.0,0.0,0.87,154.0,13,85,CRITICAL,50.7
188,power_outage,0,0,1,0,0,0,0,1,1.0,1.0,0.9,156.0,10,77,HIGH,73.0
189,building_collapse,1,0,0,0,1,0,1,0,3.0,0.0,0.52,69.0,31,100,CRITICAL,83.2
190,road_blockage,0,0,0,0,1,0,0,0,3.0,0.0,0.68,167.0,23,12,LOW,84.1
191,building_collapse,0,1,0,0,1,1,1,0,2.0,1.0,0.79,,14,100,CRITICAL,100.0
192,industrial_accident,0,1,0,0,1,1,0,1,2.0,1.0,0.65,2.0,13,100,CRITICAL,95.2
193,flood,0,1,0,0,0,0,0,0,2.0,0.0,0.94,61.0,12,29,LOW,78.6
194,road_blockage,0,0,0,0,0,0,1,1,1.0,0.0,0.7,139.0,8,77,HIGH,42.6
195,chemical_leak,1,0,0,0,1,1,0,0,1.0,1.0,0.81,93.0,11,100,CRITICAL,70.0
196,industrial_accident,0,1,0,0,0,1,0,0,2.0,1.0,0.7,45.0,5,91,CRITICAL,95.6
197,road_blockage,0,0,0,0,0,0,0,0,1.0,,0.64,121.0,9,0,LOW,45.6
198,building_collapse,0,0,0,0,0,0,1,0,1.0,1.0,0.51,102.0,56,59,HIGH,74.9
199,chemical_leak,0,0,0,0,0,1,0,0,3.0,1.0,1.0,99.0,25,41,MEDIUM,100.0
200,chemical_leak,0,1,0,0,1,1,0,0,,0.0,0.88,153.0,7,100,CRITICAL,87.4
201,road_blockage,0,0,1,0,1,0,0,1,1.0,1.0,0.68,,9,97,CRITICAL,76.6
202,chemical_leak,0,0,0,0,0,1,0,1,2.0,1.0,0.84,81.0,7,79,CRITICAL,87.4
203,power_outage,1,0,0,1,0,0,0,0,2.0,1.0,0.78,,10,82,CRITICAL,98.6
204,building_collapse,0,0,0,0,0,0,1,0,1.0,0.0,0.89,52.0,4,61,HIGH,64.5
205,medical_emergency,0,0,0,0,0,0,0,0,3.0,1.0,1.0,78.0,6,0,LOW,100.0
206,power_outage,0,0,0,0,1,0,0,0,1.0,,0.35,28.0,23,26,LOW,46.3
207,chemical_leak,0,1,0,0,1,1,0,1,2.0,0.0,0.92,39.0,6,100,CRITICAL,81.2
208,medical_emergency,0,1,0,1,0,0,0,0,1.0,0.0,0.75,6.0,7,67,HIGH,51.3
209,flood,0,0,0,1,0,0,0,0,3.0,0.0,1.0,31.0,11,36,MEDIUM,98.7
210,chemical_leak,0,0,0,1,0,1,0,0,3.0,1.0,0.7,126.0,8,69,HIGH,100.0
211,industrial_accident,1,0,0,0,1,1,0,0,2.0,0.0,0.62,144.0,3,100,CRITICAL,64.6
212,road_blockage,0,0,1,0,0,0,0,0,1.0,0.0,,174.0,41,56,HIGH,50.7
213,medical_emergency,0,1,0,0,0,0,0,0,3.0,0.0,1.0,12.0,10,43,MEDIUM,96.9
214,fire,0,0,1,0,0,0,0,0,1.0,1.0,1.0,36.0,6,50,LOW,91.0
215,flood,0,0,0,0,0,0,0,0,3.0,0.0,0.61,,10,0,LOW,86.6
216,chemical_leak,1,0,0,1,0,1,0,0,2.0,1.0,0.92,43.0,3,100,CRITICAL,98.5
217,fire,1,1,1,0,0,0,0,0,1.0,0.0,0.7,59.0,10,100,CRITICAL,51.6
218,road_blockage,0,0,1,0,0,0,0,0,3.0,1.0,0.55,60.0,11,50,MEDIUM,100.0
219,power_outage,1,0,0,0,0,0,0,0,2.0,0.0,0.87,73.0,4,63,HIGH,83.7
220,fire,0,1,1,0,0,0,0,0,1.0,1.0,0.89,,21,84,CRITICAL,90.9
221,fire,1,0,1,0,0,0,0,0,3.0,1.0,0.6,11.0,10,98,HIGH,100.0
222,road_blockage,0,1,1,0,1,0,1,0,2.0,0.0,0.96,78.0,4,100,HIGH,77.3
223,medical_emergency,0,0,0,1,0,1,0,0,2.0,1.0,0.73,68.0,6,70,HIGH,97.1
224,medical_emergency,1,0,1,0,1,0,0,0,3.0,0.0,0.74,2.0,29,100,CRITICAL,90.3
225,fire,0,0,1,0,0,0,1,0,2.0,0.0,0.41,127.0,15,100,CRITICAL,63.5
226,flood,0,0,0,0,0,0,0,1,3.0,0.0,0.88,136.0,15,21,LOW,94.7
227,industrial_accident,0,0,0,1,0,1,0,0,1.0,0.0,0.87,24.0,23,57,HIGH,50.8
228,building_collapse,0,1,1,1,0,0,1,0,2.0,0.0,0.7,124.0,12,100,CRITICAL,57.4
229,power_outage,0,0,1,0,1,0,0,0,1.0,1.0,0.6,14.0,5,55,MEDIUM,76.2
230,building_collapse,1,0,0,0,0,1,1,0,2.0,1.0,1.0,64.0,10,100,CRITICAL,100.0
231,medical_emergency,0,0,0,0,1,0,0,1,1.0,0.0,0.32,,4,52,MEDIUM,31.0
232,building_collapse,0,0,0,0,0,0,1,0,1.0,1.0,0.9,176.0,11,60,HIGH,69.7
233,fire,0,0,1,0,1,0,0,0,2.0,1.0,0.75,23.0,19,76,HIGH,100.0
234,flood,1,1,0,0,0,0,0,0,3.0,0.0,1.0,120.0,11,79,CRITICAL,94.2
235,industrial_accident,0,0,0,0,0,1,0,0,3.0,0.0,0.79,162.0,21,49,LOW,91.5
236,chemical_leak,1,0,0,1,1,1,0,0,2.0,0.0,0.93,20.0,5,100,CRITICAL,83.4
237,road_blockage,0,0,0,1,0,0,0,0,2.0,0.0,0.76,142.0,10,31,MEDIUM,69.6
238,flood,1,0,0,0,0,0,0,0,1.0,0.0,0.64,73.0,12,48,MEDIUM,49.0
239,flood,0,0,0,0,0,0,0,0,1.0,0.0,0.88,129.0,13,0,LOW,51.5
240,flood,0,0,0,0,0,0,0,1,3.0,1.0,1.0,138.0,23,19,LOW,100.0
241,road_blockage,0,0,0,0,1,0,0,0,1.0,0.0,0.9,29.0,8,21,LOW,64.6
242,medical_emergency,0,0,0,0,1,0,0,0,1.0,,0.7,137.0,12,21,LOW,44.1
243,medical_emergency,1,0,0,0,0,0,0,0,1.0,0.0,0.7,8.0,12,65,HIGH,55.7
244,building_collapse,0,1,0,0,0,0,1,0,1.0,0.0,0.96,27.0,8,100,CRITICAL,59.8
245,medical_emergency,0,0,0,1,0,0,0,0,2.0,1.0,0.55,46.0,9,33,MEDIUM,95.6
246,chemical_leak,0,0,0,1,0,1,0,0,1.0,0.0,0.96,154.0,13,74,HIGH,55.2
247,building_collapse,1,1,1,0,0,0,1,0,3.0,0.0,0.61,111.0,12,100,CRITICAL,87.7
248,flood,0,0,0,0,0,0,0,0,1.0,0.0,0.85,99.0,9,6,LOW,51.8
249,building_collapse,0,0,0,0,1,0,1,0,1.0,0.0,0.56,122.0,9,71,HIGH,44.8
250,road_blockage,0,0,0,0,0,0,0,0,2.0,1.0,0.64,168.0,8,6,LOW,95.9
251,medical_emergency,1,0,0,0,0,0,0,0,1.0,0.0,0.52,163.0,9,61,HIGH,40.4
252,chemical_leak,0,0,0,0,0,1,0,0,2.0,1.0,1.0,23.0,6,40,MEDIUM,100.0
253,flood,0,0,0,0,1,0,0,0,3.0,1.0,1.0,2.0,7,18,LOW,100.0
254,medical_emergency,1,1,0,0,0,0,0,0,1.0,0.0,0.96,12.0,19,85,CRITICAL,57.9
255,industrial_accident,0,0,0,0,0,1,0,0,2.0,0.0,0.72,94.0,7,37,MEDIUM,66.4
256,flood,0,1,0,0,0,0,0,0,1.0,0.0,0.46,3.0,7,41,MEDIUM,43.7
257,industrial_accident,1,1,0,0,0,1,0,0,2.0,1.0,1.0,175.0,19,100,CRITICAL,91.2
258,medical_emergency,0,1,0,0,0,0,0,0,3.0,0.0,0.6,110.0,9,41,MEDIUM,84.4
259,road_blockage,0,1,0,0,1,0,0,1,2.0,,0.6,114.0,4,81,CRITICAL,61.2
260,industrial_accident,0,1,0,1,0,1,1,0,3.0,,1.0,156.0,3,100,CRITICAL,100.0
261,medical_emergency,0,0,0,0,0,0,0,1,2.0,1.0,0.8,164.0,5,20,LOW,79.0
262,chemical_leak,0,1,0,0,0,1,0,0,3.0,0.0,0.98,78.0,11,87,CRITICAL,94.6
263,flood,0,1,0,0,0,0,0,0,3.0,1.0,0.81,15.0,8,37,MEDIUM,100.0
264,chemical_leak,0,0,0,0,1,1,0,0,3.0,0.0,,39.0,13,60,HIGH,100.0
265,medical_emergency,0,0,0,0,0,0,0,0,1.0,0.0,1.0,131.0,6,0,LOW,47.8
266,medical_emergency,0,0,0,0,0,0,0,1,3.0,0.0,0.7,74.0,12,34,MEDIUM,92.4
267,road_blockage,0,1,0,0,0,0,0,0,1.0,0.0,0.91,11.0,23,50,MEDIUM,55.8
268,power_outage,0,0,0,0,1,0,0,0,3.0,0.0,0.9,3.0,8,23,LOW,100.0
269,chemical_leak,0,0,0,0,0,1,1,0,1.0,0.0,0.88,137.0,6,83,CRITICAL,47.9
270,building_collapse,0,1,0,0,1,0,1,0,3.0,1.0,0.68,35.0,29,100,CRITICAL,100.0
271,road_blockage,0,0,0,1,0,0,0,0,2.0,1.0,0.59,176.0,8,36,MEDIUM,78.9
272,medical_emergency,0,0,0,0,1,0,0,0,2.0,1.0,0.8,105.0,8,37,MEDIUM,89.7
273,chemical_leak,0,0,0,0,1,1,0,0,3.0,0.0,0.42,68.0,8,63,HIGH,80.4
274,chemical_leak,1,0,0,0,0,1,0,0,2.0,0.0,0.69,108.0,4,95,CRITICAL,69.2
275,fire,0,1,1,0,0,0,0,0,2.0,0.0,0.83,,10,99,CRITICAL,70.1
276,medical_emergency,0,1,0,1,1,0,0,0,1.0,1.0,0.39,87.0,5,89,HIGH,65.0
277,power_outage,0,0,0,0,0,0,0,1,2.0,0.0,0.75,157.0,19,22,LOW,65.2
278,road_blockage,0,1,0,0,0,1,0,0,3.0,0.0,0.91,61.0,9,73,HIGH,98.1
279,industrial_accident,1,0,0,0,0,1,0,0,3.0,0.0,0.33,96.0,7,100,CRITICAL,78.8
280,flood,1,0,0,0,0,0,0,0,1.0,1.0,0.84,2.0,10,51,MEDIUM,88.7
281,flood,0,0,0,0,0,0,0,0,3.0,0.0,0.89,,10,1,LOW,89.8
282,industrial_accident,1,0,0,0,0,0,0,0,1.0,1.0,0.63,90.0,17,59,HIGH,66.7
283,power_outage,1,1,0,0,1,0,0,0,3.0,0.0,0.7,,8,100,CRITICAL,84.1
284,industrial_accident,0,0,0,0,0,1,0,1,1.0,0.0,0.62,53.0,8,74,HIGH,47.5
285,power_outage,0,0,0,0,0,0,0,0,3.0,1.0,0.99,29.0,21,0,LOW,100.0
286,building_collapse,0,0,0,0,0,0,1,0,3.0,0.0,0.71,149.0,13,64,HIGH,86.3
287,building_collapse,0,1,0,0,1,0,1,0,2.0,0.0,0.7,,7,100,CRITICAL,74.7
288,industrial_accident,1,0,0,0,1,1,0,0,,1.0,0.79,87.0,8,100,CRITICAL,72.0
289,flood,0,0,0,0,0,0,0,0,2.0,1.0,0.59,103.0,19,3,LOW,93.0
290,flood,0,1,0,1,0,1,0,0,1.0,0.0,0.62,32.0,10,100,CRITICAL,50.2
291,power_outage,0,0,0,0,1,0,0,0,2.0,0.0,0.6,33.0,17,15,LOW,67.0
292,chemical_leak,1,0,1,0,0,1,0,0,1.0,0.0,0.92,137.0,17,100,CRITICAL,44.0
293,power_outage,0,0,0,1,0,0,0,0,2.0,0.0,1.0,85.0,11,22,LOW,79.7
294,road_blockage,0,0,0,0,0,0,0,1,1.0,1.0,0.52,179.0,7,22,LOW,65.4
295,medical_emergency,0,0,0,0,0,0,0,0,2.0,,0.37,20.0,4,0,LOW,99.4
296,chemical_leak,1,0,0,0,1,1,0,0,2.0,0.0,0.89,5.0,15,100,CRITICAL,71.8
297,fire,0,0,1,0,0,0,0,0,2.0,0.0,1.0,134.0,7,36,MEDIUM,80.5
298,medical_emergency,0,1,0,0,0,0,0,0,2.0,1.0,0.51,29.0,11,35,MEDIUM,95.0
299,flood,0,1,0,0,1,0,0,0,1.0,1.0,0.61,176.0,7,54,MEDIUM,60.8
300,road_blockage,0,0,0,0,0,0,0,0,3.0,0.0,0.42,120.0,6,0,LOW,80.6
301,fire,1,0,1,1,0,0,0,1,1.0,0.0,0.83,111.0,16,100,CRITICAL,39.2
302,flood,0,0,0,0,0,0,1,0,3.0,1.0,0.93,138.0,4,56,HIGH,100.0
303,building_collapse,0,1,0,0,0,0,1,0,3.0,0.0,1.0,132.0,5,86,CRITICAL,93.4
304,industrial_accident,0,0,0,1,0,1,0,0,2.0,0.0,1.0,18.0,13,77,HIGH,79.5
305,fire,1,1,1,0,1,0,0,0,2.0,0.0,0.58,122.0,7,100,CRITICAL,64.2
306,medical_emergency,0,0,0,0,1,0,0,0,1.0,0.0,0.65,94.0,13,25,LOW,47.5
307,chemical_leak,0,0,0,0,1,1,0,1,2.0,0.0,0.56,19.0,7,82,CRITICAL,62.0
308,industrial_accident,0,0,0,0,1,1,0,1,3.0,0.0,0.68,115.0,17,89,CRITICAL,82.4
309,fire,0,0,1,0,0,0,0,0,,1.0,0.52,140.0,10,60,CRITICAL,93.3
310,power_outage,0,0,1,0,0,0,1,0,3.0,0.0,0.62,18.0,8,100,CRITICAL,83.0
311,road_blockage,0,0,0,0,0,0,0,0,1.0,1.0,0.58,176.0,6,0,LOW,75.9
312,flood,0,0,0,0,0,0,0,0,2.0,0.0,0.94,136.0,15,0,LOW,70.4
313,medical_emergency,1,0,0,0,1,0,0,0,1.0,0.0,0.97,151.0,9,77,MEDIUM,50.2
314,building_collapse,0,0,1,1,0,0,1,0,1.0,0.0,0.72,174.0,14,100,CRITICAL,41.4
315,flood,0,1,0,0,0,0,0,0,3.0,0.0,1.0,49.0,13,33,MEDIUM,100.0
316,medical_emergency,0,0,0,1,1,0,0,0,2.0,0.0,,35.0,14,54,MEDIUM,71.7
317,power_outage,0,0,0,0,0,0,0,0,,1.0,0.97,147.0,51,0,LOW,100.0
318,power_outage,1,0,0,0,0,0,0,0,1.0,0.0,0.74,60.0,14,49,MEDIUM,53.9
319,road_blockage,0,0,0,0,1,0,0,0,1.0,0.0,,124.0,8,13,LOW,43.4
320,building_collapse,1,0,0,0,0,0,1,0,2.0,0.0,0.61,94.0,12,100,CRITICAL,69.1
321,chemical_leak,0,0,0,0,0,1,0,0,1.0,0.0,1.0,90.0,21,60,HIGH,49.4
322,fire,0,0,1,0,0,0,0,0,2.0,0.0,0.52,20.0,10,55,MEDIUM,72.1
323,fire,0,1,1,0,0,0,0,1,1.0,1.0,1.0,133.0,7,100,CRITICAL,86.7
324,industrial_accident,0,0,0,0,0,1,0,0,,0.0,0.78,85.0,11,38,MEDIUM,100.0
325,flood,0,1,0,0,0,0,0,0,1.0,1.0,0.85,108.0,7,49,MEDIUM,76.5
326,road_blockage,0,1,0,0,1,0,0,0,1.0,1.0,0.86,64.0,9,59,HIGH,82.2
327,power_outage,0,0,1,0,0,0,0,0,2.0,0.0,0.95,23.0,10,32,MEDIUM,79.5
328,power_outage,0,0,0,0,0,0,0,0,3.0,1.0,0.68,11.0,10,1,LOW,100.0
329,chemical_leak,0,0,0,0,0,1,0,0,2.0,1.0,0.54,8.0,10,52,MEDIUM,90.2
330,building_collapse,0,0,0,1,0,1,1,0,2.0,0.0,0.85,75.0,9,100,CRITICAL,86.6
331,power_outage,0,0,0,0,0,0,0,0,3.0,0.0,1.0,42.0,21,1,LOW,98.7
332,flood,0,0,0,0,1,0,0,0,2.0,0.0,0.72,177.0,5,16,LOW,69.8
333,power_outage,0,0,0,1,0,0,0,1,3.0,0.0,,105.0,17,61,HIGH,99.1
334,road_blockage,0,0,0,0,0,0,0,0,1.0,1.0,0.52,30.0,15,15,LOW,74.1
335,power_outage,0,0,1,0,0,0,0,0,3.0,0.0,0.57,104.0,15,50,MEDIUM,86.0
336,chemical_leak,1,0,1,0,1,1,0,1,2.0,0.0,,77.0,5,100,CRITICAL,78.4
337,industrial_accident,1,0,0,0,0,1,0,0,2.0,0.0,0.9,168.0,6,93,CRITICAL,67.6
338,fire,0,0,1,0,0,0,0,0,2.0,0.0,0.76,107.0,9,48,MEDIUM,71.9
339,fire,0,1,1,0,1,0,0,0,1.0,1.0,0.58,67.0,11,98,CRITICAL,76.7
340,flood,0,1,0,1,0,0,0,0,3.0,0.0,1.0,155.0,9,67,HIGH,88.0
341,fire,0,1,1,0,0,0,0,0,1.0,0.0,0.85,18.0,27,85,CRITICAL,62.8
342,flood,0,0,1,0,1,0,0,0,2.0,1.0,0.82,100.0,41,73,HIGH,98.4
343,road_blockage,1,0,0,0,1,0,0,0,,1.0,0.76,11.0,9,73,HIGH,100.0
344,road_blockage,0,0,0,0,1,0,0,0,2.0,0.0,0.64,166.0,26,13,LOW,56.8
345,road_blockage,0,1,0,0,1,0,0,0,3.0,0.0,0.8,122.0,9,66,HIGH,92.5
346,power_outage,0,1,0,0,0,0,0,0,2.0,1.0,0.81,27.0,11,34,MEDIUM,100.0
347,fire,1,0,1,0,0,0,0,0,2.0,0.0,0.54,66.0,7,100,CRITICAL,62.8
348,building_collapse,0,0,0,1,0,0,1,1,2.0,1.0,0.82,179.0,14,100,CRITICAL,84.8
349,fire,1,0,1,0,1,0,0,0,1.0,0.0,0.67,,17,100,CRITICAL,53.3
350,industrial_accident,0,0,1,0,0,1,0,0,2.0,0.0,0.48,71.0,10,100,CRITICAL,60.7
351,industrial_accident,1,0,1,0,1,1,0,0,2.0,1.0,0.78,127.0,11,100,CRITICAL,95.0
352,industrial_accident,0,0,0,0,1,1,0,0,1.0,0.0,0.82,14.0,21,75,HIGH,58.2
353,road_blockage,0,1,0,0,1,1,0,0,2.0,1.0,,,6,95,CRITICAL,95.0
354,power_outage,0,0,0,0,0,1,0,1,2.0,1.0,,118.0,12,65,HIGH,95.9
355,medical_emergency,1,1,0,0,1,0,0,0,3.0,0.0,0.79,12.0,7,100,CRITICAL,100.0
356,chemical_leak,0,0,1,0,0,1,0,0,1.0,0.0,1.0,128.0,10,88,CRITICAL,55.7
357,building_collapse,1,0,0,0,0,0,1,1,2.0,0.0,0.67,,6,100,CRITICAL,80.2
358,industrial_accident,0,0,0,1,0,0,0,0,3.0,1.0,0.86,113.0,7,28,LOW,100.0
359,power_outage,1,0,0,0,1,0,0,0,3.0,0.0,0.84,96.0,14,79,CRITICAL,84.0
360,chemical_leak,0,1,0,1,0,1,0,0,3.0,1.0,0.99,,8,100,CRITICAL,100.0
361,power_outage,0,1,0,0,0,0,1,0,2.0,0.0,0.62,14.0,10,93,CRITICAL,71.8
362,fire,0,1,1,0,0,0,0,0,1.0,0.0,0.52,140.0,7,86,CRITICAL,43.1
363,industrial_accident,0,0,0,0,0,1,0,0,3.0,0.0,0.51,127.0,29,41,MEDIUM,83.9
364,chemical_leak,0,0,0,0,0,1,0,0,1.0,1.0,0.59,101.0,7,45,MEDIUM,75.2
365,fire,0,0,0,0,1,0,0,0,3.0,0.0,0.84,162.0,19,24,LOW,85.5
366,power_outage,0,1,0,0,1,0,0,0,2.0,0.0,0.76,16.0,11,66,HIGH,72.3
367,industrial_accident,0,1,0,1,0,1,0,1,3.0,0.0,,104.0,11,100,CRITICAL,79.4
368,chemical_leak,0,0,0,0,1,1,0,0,2.0,0.0,0.5,22.0,8,72,HIGH,74.4
369,fire,0,0,1,1,0,0,0,0,3.0,0.0,0.56,85.0,6,73,HIGH,84.1
370,flood,0,1,0,0,0,0,0,0,1.0,0.0,0.62,78.0,8,57,HIGH,45.6
371,power_outage,1,1,0,1,0,0,0,0,2.0,1.0,0.93,73.0,8,100,CRITICAL,94.6
372,road_blockage,1,0,0,0,0,0,0,0,,0.0,0.94,89.0,11,53,MEDIUM,85.9
373,road_blockage,0,1,0,0,0,0,0,0,3.0,1.0,0.85,61.0,9,44,MEDIUM,100.0
374,chemical_leak,0,0,0,0,0,1,0,0,2.0,0.0,0.98,166.0,6,54,MEDIUM,69.6
375,chemical_leak,0,0,0,0,1,1,0,0,2.0,,0.54,167.0,9,54,MEDIUM,59.3
376,road_blockage,0,0,0,0,0,0,0,0,1.0,0.0,0.78,132.0,9,14,LOW,47.0
377,power_outage,0,1,0,0,0,0,0,0,1.0,0.0,0.83,26.0,19,31,HIGH,69.1
378,industrial_accident,0,1,0,0,1,1,0,0,1.0,0.0,0.68,159.0,12,91,CRITICAL,29.1
379,fire,0,1,1,0,0,0,0,0,3.0,0.0,0.58,178.0,31,88,CRITICAL,70.3
380,flood,1,0,0,0,0,1,0,0,1.0,0.0,,121.0,4,100,CRITICAL,51.4
381,flood,0,0,0,0,0,0,0,0,1.0,0.0,0.89,157.0,8,6,LOW,47.7
382,industrial_accident,0,0,0,0,0,1,0,0,2.0,0.0,0.64,5.0,13,36,MEDIUM,72.7
383,medical_emergency,1,0,0,0,0,0,0,0,,1.0,0.8,101.0,12,53,MEDIUM,100.0
384,chemical_leak,0,0,0,0,0,1,0,1,1.0,1.0,0.88,69.0,23,76,HIGH,81.1
385,road_blockage,0,0,0,0,1,0,0,1,1.0,1.0,0.53,154.0,9,44,MEDIUM,62.0
386,chemical_leak,0,1,1,0,0,0,0,0,,0.0,0.5,26.0,11,91,CRITICAL,86.7
387,flood,0,1,0,0,0,0,1,1,1.0,0.0,0.1,110.0,19,100,CRITICAL,16.7
388,medical_emergency,1,1,0,0,0,0,0,0,1.0,1.0,0.9,170.0,7,83,CRITICAL,74.0
389,industrial_accident,0,1,0,0,0,1,0,0,1.0,1.0,0.89,106.0,9,93,CRITICAL,68.2
390,flood,0,0,0,0,1,0,0,0,3.0,0.0,0.93,142.0,8,13,LOW,90.1
391,medical_emergency,0,1,1,0,0,0,0,0,3.0,0.0,,86.0,8,69,HIGH,100.0
392,building_collapse,1,0,0,0,1,0,1,0,1.0,1.0,0.66,72.0,14,100,CRITICAL,72.3
393,industrial_accident,0,0,0,0,0,1,1,0,1.0,0.0,,79.0,12,93,CRITICAL,54.4
394,flood,1,0,0,0,0,0,0,0,3.0,0.0,0.8,6.0,10,66,HIGH,90.2
395,road_blockage,1,0,1,0,0,0,1,0,1.0,0.0,0.89,132.0,9,100,CRITICAL,47.8
396,flood,0,0,0,0,1,0,0,0,1.0,0.0,0.83,109.0,11,30,LOW,60.2
397,industrial_accident,0,0,0,0,0,1,1,0,2.0,0.0,0.95,1.0,9,100,CRITICAL,79.6
398,chemical_leak,0,0,0,0,0,1,0,0,2.0,0.0,1.0,106.0,7,51,MEDIUM,77.3
399,road_blockage,1,0,0,0,0,0,0,1,2.0,0.0,0.83,100.0,21,64,HIGH,69.4
400,flood,0,1,0,0,0,0,0,0,2.0,1.0,0.47,36.0,10,41,MEDIUM,84.1
401,flood,0,1,1,0,0,0,0,0,3.0,1.0,0.9,79.0,51,91,CRITICAL,100.0
402,power_outage,0,0,0,0,1,0,0,0,1.0,0.0,0.67,46.0,8,11,LOW,45.3
403,chemical_leak,0,0,0,0,1,1,0,0,3.0,0.0,0.49,166.0,25,57,HIGH,79.6
404,fire,0,0,1,0,1,0,0,0,2.0,0.0,0.59,96.0,11,72,HIGH,57.7
405,medical_emergency,0,0,0,1,0,0,0,0,1.0,0.0,0.67,98.0,17,27,LOW,45.1
406,power_outage,1,0,1,0,0,0,0,0,3.0,0.0,0.61,137.0,9,100,CRITICAL,81.4
407,fire,1,0,1,0,0,0,0,0,2.0,0.0,,113.0,10,100,CRITICAL,67.4
408,industrial_accident,0,1,0,1,0,1,0,0,2.0,,0.82,72.0,23,100,CRITICAL,72.3
409,building_collapse,0,1,0,0,1,0,1,0,3.0,0.0,0.97,46.0,14,100,CRITICAL,100.0
410,flood,0,0,0,0,0,0,0,0,3.0,1.0,0.6,63.0,9,0,LOW,100.0
411,flood,1,0,0,0,0,0,0,0,,0.0,0.91,133.0,25,51,MEDIUM,52.6
412,chemical_leak,0,0,0,0,0,1,0,0,2.0,0.0,0.88,87.0,9,52,HIGH,83.0
413,fire,0,0,1,1,0,1,0,1,1.0,1.0,0.91,52.0,12,100,CRITICAL,88.7
414,flood,0,1,0,0,1,0,0,0,1.0,1.0,0.88,,17,50,MEDIUM,86.0
415,flood,0,1,0,0,1,0,0,0,,1.0,0.83,134.0,19,51,MEDIUM,74.0
416,building_collapse,1,1,0,0,0,0,0,0,2.0,0.0,0.57,93.0,15,85,CRITICAL,63.7
417,chemical_leak,1,1,0,1,1,1,0,0,2.0,0.0,0.78,93.0,10,100,CRITICAL,67.3
418,industrial_accident,0,0,0,0,0,1,0,0,1.0,0.0,0.73,,21,50,MEDIUM,54.1
419,flood,0,0,0,1,0,0,0,0,2.0,0.0,0.99,57.0,13,24,LOW,84.7
420,chemical_leak,0,0,0,0,0,1,0,0,1.0,0.0,1.0,44.0,13,46,MEDIUM,64.1
421,fire,0,0,1,0,1,0,0,1,1.0,0.0,,175.0,7,97,CRITICAL,40.5
422,power_outage,1,0,0,0,0,0,0,0,2.0,0.0,0.6,31.0,15,41,MEDIUM,67.9
423,flood,0,0,0,0,1,0,1,1,2.0,0.0,0.78,,10,92,CRITICAL,71.9
424,chemical_leak,0,0,0,0,1,1,0,0,2.0,1.0,0.77,100.0,11,65,HIGH,86.6
425,fire,1,0,1,1,0,0,0,0,1.0,1.0,1.0,112.0,56,100,CRITICAL,76.5
426,fire,0,1,1,0,0,0,0,0,2.0,0.0,0.83,142.0,7,91,CRITICAL,64.9
427,fire,0,1,1,0,0,0,0,0,3.0,0.0,0.49,57.0,8,87,CRITICAL,81.2
428,road_blockage,1,0,0,0,0,0,0,0,1.0,0.0,0.78,66.0,8,44,MEDIUM,52.9
429,chemical_leak,0,0,0,0,1,1,0,0,3.0,1.0,0.87,9.0,17,65,HIGH,100.0
430,flood,0,1,0,0,0,1,1,0,3.0,0.0,0.69,51.0,11,100,CRITICAL,90.3
431,fire,1,0,0,0,0,0,0,0,1.0,1.0,0.58,78.0,7,49,MEDIUM,71.6
432,road_blockage,0,0,0,0,0,0,0,1,2.0,0.0,0.86,108.0,9,32,MEDIUM,73.4
433,power_outage,1,0,0,0,1,0,0,0,1.0,0.0,0.99,72.0,15,70,HIGH,64.6
434,road_blockage,0,0,0,0,0,0,0,0,3.0,1.0,0.3,101.0,29,0,LOW,100.0
435,flood,1,0,0,0,0,0,0,1,3.0,0.0,0.78,173.0,11,78,HIGH,81.5
436,industrial_accident,0,0,0,1,0,1,0,0,2.0,,0.68,116.0,9,73,CRITICAL,76.8
437,medical_emergency,0,0,0,0,0,0,0,0,2.0,0.0,1.0,104.0,3,0,LOW,87.4
438,building_collapse,1,0,0,0,0,0,1,0,3.0,0.0,,21.0,13,91,CRITICAL,100.0
439,road_blockage,0,0,1,0,0,0,0,0,1.0,0.0,0.59,113.0,14,42,MEDIUM,46.4
440,fire,0,0,1,0,0,0,0,0,3.0,0.0,0.54,15.0,9,56,HIGH,89.2
441,building_collapse,0,0,0,0,0,0,1,1,,1.0,0.91,165.0,51,80,CRITICAL,93.7
442,chemical_leak,0,1,0,0,0,1,0,0,1.0,0.0,,128.0,6,88,CRITICAL,44.3
443,road_blockage,0,1,0,0,0,0,0,0,1.0,1.0,0.6,44.0,13,25,LOW,76.4
444,power_outage,1,0,0,0,0,0,1,0,1.0,0.0,0.99,,5,100,CRITICAL,58.1
445,building_collapse,0,1,0,0,0,0,1,0,2.0,0.0,0.99,30.0,7,93,CRITICAL,87.6
446,chemical_leak,0,0,0,0,0,1,1,1,3.0,0.0,1.0,58.0,8,100,CRITICAL,92.5
447,building_collapse,0,0,0,0,0,0,1,0,2.0,0.0,,99.0,8,57,HIGH,78.0
448,chemical_leak,0,1,0,0,0,1,0,0,1.0,0.0,0.56,132.0,15,73,HIGH,36.1
449,fire,0,0,1,0,1,0,0,0,1.0,0.0,0.84,171.0,13,68,HIGH,45.6
450,chemical_leak,1,0,0,0,0,1,0,0,3.0,0.0,0.58,171.0,15,93,CRITICAL,78.7
451,power_outage,0,1,0,0,0,0,0,0,3.0,0.0,0.91,176.0,7,41,MEDIUM,83.6
452,building_collapse,0,0,0,0,1,0,1,1,2.0,1.0,0.91,5.0,11,100,CRITICAL,100.0
453,building_collapse,0,0,0,0,0,0,1,0,1.0,1.0,1.0,44.0,8,58,HIGH,74.8
454,flood,0,1,0,0,0,0,0,0,1.0,0.0,0.58,128.0,9,54,MEDIUM,44.5
455,medical_emergency,0,1,0,0,0,0,0,0,3.0,0.0,0.5,151.0,7,44,HIGH,80.8
456,medical_emergency,0,0,0,0,0,0,1,0,3.0,0.0,1.0,152.0,10,63,HIGH,97.9
457,fire,0,0,1,0,0,0,0,0,2.0,0.0,0.57,,14,45,MEDIUM,59.9
458,building_collapse,0,0,0,0,0,0,1,0,1.0,0.0,0.89,111.0,5,56,MEDIUM,52.6
459,medical_emergency,1,1,0,1,0,0,0,1,3.0,0.0,0.9,143.0,9,100,CRITICAL,97.3
460,road_blockage,1,0,0,0,1,0,0,0,3.0,0.0,0.92,162.0,7,63,HIGH,85.8
461,fire,0,0,1,0,0,0,0,0,1.0,0.0,0.74,73.0,15,44,MEDIUM,50.9
462,road_blockage,1,0,1,0,1,0,0,0,2.0,0.0,,52.0,12,100,CRITICAL,64.9
463,chemical_leak,0,0,0,0,0,1,0,0,2.0,1.0,0.88,130.0,13,48,MEDIUM,95.3
464,road_blockage,0,1,0,0,0,0,0,0,2.0,1.0,0.83,105.0,41,36,MEDIUM,97.5
465,industrial_accident,0,0,0,0,0,1,0,1,2.0,,0.46,119.0,21,68,HIGH,86.2
466,chemical_leak,0,1,0,1,1,1,0,0,1.0,0.0,0.52,159.0,8,100,CRITICAL,47.1
467,medical_emergency,0,0,0,0,1,0,0,0,2.0,0.0,0.66,136.0,10,12,LOW,57.1
468,industrial_accident,0,0,0,0,1,1,0,1,3.0,1.0,0.95,57.0,16,82,CRITICAL,100.0
469,power_outage,0,0,1,0,0,0,0,0,3.0,1.0,0.46,27.0,9,63,HIGH,100.0
470,medical_emergency,0,0,0,0,0,0,0,0,3.0,0.0,0.72,61.0,9,1,LOW,82.3
471,power_outage,0,0,1,0,0,0,0,0,1.0,0.0,0.65,30.0,23,54,MEDIUM,54.7
472,road_blockage,0,0,1,0,1,1,0,0,2.0,0.0,0.94,172.0,9,100,CRITICAL,75.8
473,chemical_leak,0,1,0,0,1,0,0,0,2.0,0.0,0.68,68.0,13,55,MEDIUM,76.7
474,medical_emergency,0,0,0,1,0,0,0,1,2.0,0.0,0.75,108.0,23,56,HIGH,68.7
475,industrial_accident,0,0,0,0,0,1,0,0,3.0,1.0,0.63,58.0,51,33,MEDIUM,100.0
476,building_collapse,0,0,0,0,1,0,1,0,1.0,0.0,0.86,138.0,8,92,CRITICAL,40.3
477,fire,0,1,1,0,0,0,0,0,3.0,0.0,0.7,133.0,9,100,CRITICAL,83.7
478,fire,0,0,1,0,1,0,0,0,1.0,0.0,0.33,175.0,9,67,HIGH,29.0
479,flood,1,0,0,1,1,0,0,0,2.0,1.0,0.42,65.0,2,97,CRITICAL,86.5
480,road_blockage,0,0,0,0,1,0,0,0,1.0,0.0,0.78,74.0,8,25,LOW,51.6
481,chemical_leak,0,0,0,0,1,1,0,0,1.0,1.0,,56.0,17,69,HIGH,72.3
482,road_blockage,0,0,0,0,0,0,0,0,3.0,0.0,0.82,140.0,15,0,LOW,90.5
483,medical_emergency,0,1,1,0,1,0,0,0,3.0,0.0,0.62,101.0,10,100,CRITICAL,85.1
484,flood,0,0,0,0,0,0,1,0,1.0,0.0,0.61,118.0,46,58,HIGH,35.9
485,building_collapse,0,1,0,0,1,0,1,1,3.0,0.0,0.4,91.0,11,100,CRITICAL,71.8
486,industrial_accident,0,1,0,0,0,1,0,0,2.0,0.0,0.79,64.0,37,72,HIGH,67.1
487,industrial_accident,1,0,0,1,1,1,0,0,2.0,1.0,0.85,95.0,15,100,CRITICAL,93.6
488,fire,1,1,1,0,1,0,0,0,3.0,1.0,0.87,86.0,5,100,CRITICAL,100.0
489,chemical_leak,0,0,0,0,0,1,0,1,3.0,0.0,0.69,158.0,10,73,HIGH,73.1
490,medical_emergency,1,0,0,0,1,0,0,0,1.0,0.0,0.25,88.0,9,71,HIGH,19.3
491,building_collapse,0,0,0,0,0,1,1,0,2.0,1.0,0.65,21.0,9,100,CRITICAL,100.0
492,medical_emergency,0,1,0,0,0,0,0,0,1.0,0.0,0.77,134.0,14,40,MEDIUM,36.0
493,chemical_leak,0,1,0,0,1,1,0,0,3.0,1.0,1.0,31.0,16,100,CRITICAL,100.0
494,medical_emergency,1,0,0,0,0,0,0,0,3.0,0.0,0.42,133.0,12,50,MEDIUM,70.9
495,industrial_accident,1,1,1,0,1,1,0,0,,1.0,0.63,32.0,8,100,CRITICAL,100.0
496,flood,0,0,0,0,0,0,0,0,1.0,1.0,0.83,77.0,7,0,LOW,69.7
497,medical_emergency,0,1,0,0,1,0,0,0,1.0,0.0,0.72,94.0,6,58,HIGH,54.3
498,flood,0,0,0,0,0,0,0,0,2.0,1.0,0.59,82.0,13,0,LOW,95.7
499,industrial_accident,0,0,0,0,0,1,0,1,3.0,0.0,0.61,27.0,9,79,CRITICAL,85.7
500,industrial_accident,0,0,0,0,0,1,0,0,1.0,0.0,0.76,44.0,17,57,HIGH,53.9
501,building_collapse,1,0,0,0,1,1,1,0,2.0,0.0,0.55,176.0,3,100,CRITICAL,56.7
502,power_outage,0,1,0,0,0,0,0,0,2.0,1.0,0.93,50.0,11,38,MEDIUM,100.0
503,industrial_accident,1,0,0,0,0,1,0,0,1.0,1.0,0.81,54.0,13,100,CRITICAL,81.6
504,flood,0,1,0,0,0,0,0,0,2.0,0.0,0.88,112.0,25,48,MEDIUM,79.3
505,flood,1,0,0,0,0,0,0,0,3.0,0.0,,65.0,10,58,HIGH,96.7
506,fire,0,1,1,0,1,0,0,0,2.0,0.0,1.0,145.0,11,100,CRITICAL,70.9
507,industrial_accident,0,0,0,0,0,1,0,0,1.0,,1.0,86.0,8,30,MEDIUM,86.0
508,power_outage,0,0,0,0,0,0,0,0,1.0,0.0,0.43,128.0,12,2,LOW,41.2
509,building_collapse,0,0,0,0,0,0,1,0,2.0,1.0,1.0,49.0,8,59,HIGH,100.0
510,power_outage,0,0,0,0,1,0,0,0,3.0,0.0,0.5,36.0,6,20,LOW,83.4
511,medical_emergency,0,0,0,0,1,0,0,0,1.0,1.0,0.68,79.0,19,20,LOW,70.7
512,flood,1,1,0,0,0,0,0,0,1.0,1.0,0.66,,11,85,CRITICAL,72.6
513,building_collapse,0,0,0,1,1,0,1,0,3.0,0.0,0.97,,10,95,CRITICAL,97.5
514,medical_emergency,0,0,0,0,0,0,0,0,1.0,0.0,0.9,42.0,5,0,LOW,58.1
515,industrial_accident,0,1,1,0,1,1,0,0,2.0,1.0,0.51,38.0,25,100,CRITICAL,93.8
516,power_outage,1,0,1,1,0,0,0,0,2.0,1.0,0.54,52.0,12,100,CRITICAL,92.1
517,medical_emergency,0,0,0,0,0,0,0,0,1.0,1.0,0.89,25.0,17,6,LOW,83.8
518,industrial_accident,1,0,0,0,0,1,0,0,1.0,0.0,0.87,58.0,14,93,CRITICAL,58.8
519,medical_emergency,0,1,0,1,1,0,0,0,3.0,0.0,0.71,2.0,7,90,CRITICAL,90.8
520,building_collapse,1,1,0,0,1,0,1,0,3.0,1.0,1.0,10.0,11,100,CRITICAL,100.0
521,power_outage,0,0,0,0,0,0,0,0,2.0,1.0,0.89,67.0,9,0,LOW,100.0
522,industrial_accident,1,0,0,0,1,1,0,1,2.0,1.0,0.91,170.0,10,100,CRITICAL,93.1
523,medical_emergency,0,1,0,0,1,0,0,0,1.0,0.0,0.79,61.0,9,57,HIGH,48.4
524,road_blockage,0,0,0,0,0,0,0,0,2.0,0.0,0.86,43.0,26,4,LOW,70.0
525,industrial_accident,1,0,0,0,0,1,0,0,3.0,0.0,,129.0,15,92,CRITICAL,90.4
526,industrial_accident,0,0,0,0,0,1,0,0,3.0,0.0,0.48,106.0,41,41,MEDIUM,85.7
527,building_collapse,0,0,0,0,0,0,1,1,,0.0,,10.0,7,77,HIGH,73.4
528,industrial_accident,0,0,0,0,0,1,0,0,2.0,1.0,0.54,136.0,7,46,MEDIUM,86.4
529,fire,0,0,1,0,1,0,0,0,2.0,1.0,0.85,171.0,7,64,HIGH,85.7
530,power_outage,0,1,0,0,0,0,0,0,1.0,0.0,0.58,38.0,7,52,MEDIUM,43.4
531,flood,0,0,0,0,0,0,0,0,,0.0,0.63,158.0,2,12,LOW,47.8
532,flood,1,0,0,0,0,0,1,1,2.0,0.0,1.0,90.0,15,100,CRITICAL,78.6
533,flood,1,1,0,1,1,0,0,1,1.0,1.0,0.67,118.0,21,100,CRITICAL,75.2
534,industrial_accident,0,0,0,0,1,1,0,1,,0.0,0.93,4.0,8,96,CRITICAL,63.0
535,chemical_leak,0,1,0,1,0,1,0,0,1.0,0.0,0.76,38.0,12,100,CRITICAL,60.1
536,power_outage,0,1,0,0,1,0,0,0,1.0,1.0,0.62,160.0,8,72,HIGH,72.1
537,building_collapse,0,0,0,0,0,0,1,0,3.0,1.0,0.32,,3,51,MEDIUM,100.0
538,building_collapse,0,1,0,1,0,0,1,1,1.0,1.0,0.46,10.0,7,100,CRITICAL,64.7
539,flood,0,0,1,0,0,0,0,0,,1.0,0.75,147.0,6,43,HIGH,83.6
540,medical_emergency,0,0,0,1,1,0,0,0,1.0,1.0,0.36,94.0,8,56,HIGH,55.2
541,flood,0,0,0,0,0,0,0,0,3.0,,0.42,,8,0,LOW,91.7
542,power_outage,1,0,0,0,0,0,0,0,3.0,1.0,0.59,25.0,15,58,HIGH,100.0
543,building_collapse,1,1,0,0,1,0,1,0,2.0,0.0,0.87,26.0,8,100,CRITICAL,82.2
544,medical_emergency,0,1,0,1,0,1,0,0,2.0,0.0,0.46,108.0,19,100,CRITICAL,54.3
545,road_blockage,1,0,0,0,0,0,0,0,1.0,1.0,0.9,,13,49,MEDIUM,75.8
546,medical_emergency,0,1,0,0,1,0,0,0,3.0,0.0,0.69,109.0,7,52,MEDIUM,88.1
547,medical_emergency,1,1,0,0,0,0,0,0,1.0,,0.8,93.0,46,83,CRITICAL,50.9
548,fire,0,0,0,0,0,0,0,0,1.0,0.0,0.46,96.0,10,0,LOW,48.6
549,chemical_leak,0,0,0,0,0,1,0,1,2.0,1.0,1.0,164.0,9,71,HIGH,92.8
550,building_collapse,0,0,0,0,0,0,1,0,2.0,0.0,0.89,119.0,11,49,MEDIUM,76.5
551,building_collapse,1,1,0,0,1,0,1,0,3.0,,0.87,175.0,6,100,CRITICAL,87.7
552,road_blockage,0,1,1,0,0,0,0,1,2.0,0.0,1.0,170.0,9,100,CRITICAL,76.5
553,building_collapse,0,1,0,0,0,0,1,0,1.0,0.0,0.59,144.0,13,87,CRITICAL,39.5
554,industrial_accident,0,0,0,0,1,1,0,0,2.0,0.0,0.89,159.0,13,70,HIGH,69.2
555,building_collapse,1,0,0,0,0,0,1,0,2.0,0.0,0.55,79.0,15,86,CRITICAL,62.8
556,road_blockage,0,1,0,1,1,0,0,0,1.0,1.0,0.72,85.0,11,85,CRITICAL,76.6
557,fire,0,0,1,1,1,0,0,1,1.0,,1.0,,25,100,CRITICAL,84.4
558,flood,0,0,0,0,0,0,0,0,3.0,1.0,0.7,17.0,9,0,LOW,100.0
559,road_blockage,0,0,0,0,0,0,0,0,3.0,,0.73,133.0,6,0,LOW,100.0
560,building_collapse,0,0,0,1,0,0,1,0,1.0,0.0,0.7,169.0,9,83,CRITICAL,42.8
561,building_collapse,1,1,0,1,0,0,1,0,2.0,1.0,0.76,,13,100,CRITICAL,100.0
562,flood,0,0,0,0,1,0,0,0,2.0,0.0,0.65,127.0,10,18,LOW,55.1
563,industrial_accident,0,0,0,0,0,1,1,1,3.0,1.0,0.85,157.0,8,100,CRITICAL,100.0
564,road_blockage,0,1,0,1,1,0,0,1,2.0,0.0,0.77,149.0,6,100,CRITICAL,66.2
565,chemical_leak,0,0,0,0,0,1,0,0,1.0,0.0,0.7,122.0,12,41,MEDIUM,40.9
566,flood,1,1,0,0,1,0,0,0,3.0,,,1.0,8,100,CRITICAL,100.0
567,flood,0,1,0,0,0,0,0,0,1.0,0.0,0.83,114.0,5,37,MEDIUM,48.5
568,chemical_leak,0,0,0,0,0,1,0,0,3.0,0.0,0.98,159.0,10,49,MEDIUM,91.6
569,building_collapse,0,0,0,0,1,0,1,0,2.0,0.0,0.61,,7,73,HIGH,73.1
570,building_collapse,0,1,0,0,0,0,1,0,1.0,0.0,1.0,165.0,16,94,CRITICAL,48.5
571,industrial_accident,1,1,0,0,0,1,0,0,2.0,0.0,0.41,125.0,31,100,CRITICAL,53.7
572,industrial_accident,0,0,0,0,0,1,0,0,1.0,0.0,1.0,,31,41,MEDIUM,71.3
573,fire,0,1,1,0,0,0,0,0,1.0,0.0,0.84,12.0,9,96,CRITICAL,50.2
574,industrial_accident,0,0,0,1,0,1,0,0,1.0,1.0,1.0,40.0,7,73,HIGH,83.5
575,flood,0,0,0,0,0,0,0,0,3.0,0.0,0.85,7.0,9,0,LOW,100.0
576,medical_emergency,0,0,0,0,1,0,1,0,3.0,0.0,0.84,49.0,3,70,HIGH,91.1
577,road_blockage,1,1,0,1,1,0,0,1,2.0,0.0,0.88,126.0,23,100,CRITICAL,78.6
578,industrial_accident,1,1,0,0,0,1,0,1,2.0,0.0,0.69,14.0,7,100,CRITICAL,83.0
579,building_collapse,1,0,0,0,0,0,1,0,3.0,1.0,0.53,107.0,9,100,CRITICAL,100.0
580,industrial_accident,1,0,0,0,0,1,0,0,2.0,0.0,0.79,111.0,11,90,HIGH,69.0
581,road_blockage,0,1,0,0,0,0,0,0,3.0,1.0,0.27,27.0,7,54,HIGH,100.0
582,industrial_accident,0,0,0,0,1,1,0,0,2.0,1.0,0.97,42.0,12,66,HIGH,100.0
583,building_collapse,0,0,1,0,1,0,1,0,3.0,1.0,0.92,71.0,10,100,CRITICAL,100.0
584,medical_emergency,1,0,0,0,0,0,0,0,1.0,0.0,0.84,160.0,10,44,MEDIUM,41.6
585,fire,0,0,1,0,0,0,0,0,3.0,0.0,0.76,137.0,6,65,HIGH,76.8
586,industrial_accident,0,0,0,0,1,1,0,0,3.0,0.0,0.35,82.0,9,52,MEDIUM,78.2
587,industrial_accident,0,0,0,0,1,1,0,0,2.0,0.0,0.97,72.0,9,60,HIGH,84.8
588,road_blockage,0,0,0,1,1,0,0,0,1.0,0.0,0.77,41.0,11,43,MEDIUM,52.5
589,road_blockage,0,1,0,0,1,0,0,0,2.0,1.0,0.68,25.0,7,62,HIGH,100.0
590,industrial_accident,0,0,0,0,1,1,0,0,3.0,0.0,1.0,111.0,8,58,HIGH,97.0
591,power_outage,1,1,0,0,1,0,1,0,3.0,0.0,0.41,172.0,12,100,CRITICAL,73.7
592,power_outage,0,1,1,0,0,0,0,1,3.0,0.0,0.47,132.0,35,100,CRITICAL,83.4
593,fire,1,0,1,0,0,0,0,0,3.0,0.0,0.57,139.0,10,100,CRITICAL,86.8
594,medical_emergency,0,0,0,0,1,0,0,0,3.0,0.0,0.69,179.0,11,13,LOW,79.6
595,road_blockage,1,0,1,0,0,0,0,0,3.0,0.0,0.45,166.0,5,100,CRITICAL,88.5
596,power_outage,1,0,0,0,1,0,0,1,2.0,0.0,0.88,159.0,4,92,CRITICAL,61.1
597,road_blockage,0,1,0,0,1,0,0,0,3.0,0.0,1.0,164.0,22,67,HIGH,94.2
598,industrial_accident,0,1,0,1,1,1,0,0,3.0,0.0,0.49,122.0,9,100,CRITICAL,75.8
599,chemical_leak,0,1,0,0,0,1,0,0,3.0,1.0,1.0,33.0,7,83,CRITICAL,100.0
600,power_outage,0,0,1,0,0,0,0,0,3.0,0.0,0.85,126.0,13,50,MEDIUM,83.6
601,road_blockage,0,0,0,0,0,0,0,0,1.0,0.0,0.83,129.0,10,0,LOW,50.8
602,fire,0,0,1,0,0,0,0,1,3.0,1.0,0.78,80.0,46,74,HIGH,100.0
603,industrial_accident,1,1,0,0,0,1,0,0,3.0,0.0,0.84,158.0,7,100,CRITICAL,79.9
604,building_collapse,0,1,0,0,0,0,1,0,1.0,1.0,,12.0,14,82,CRITICAL,83.7
605,building_collapse,0,0,0,0,0,0,1,0,1.0,1.0,0.6,169.0,8,46,MEDIUM,65.6
606,chemical_leak,0,0,0,0,0,1,0,0,1.0,0.0,,143.0,7,34,MEDIUM,45.9
607,road_blockage,0,0,0,0,1,1,0,0,1.0,1.0,0.99,53.0,19,62,MEDIUM,83.6
608,medical_emergency,1,1,0,0,0,0,0,0,1.0,1.0,0.71,,17,79,CRITICAL,76.4
609,chemical_leak,0,0,0,1,1,1,0,0,3.0,1.0,0.92,79.0,12,95,CRITICAL,100.0
610,road_blockage,0,0,0,0,0,0,0,0,2.0,0.0,0.66,138.0,8,0,LOW,66.0
611,building_collapse,0,0,0,0,0,0,1,0,3.0,0.0,0.57,167.0,35,61,HIGH,71.5
612,industrial_accident,0,0,0,0,0,1,0,0,1.0,0.0,,,13,48,MEDIUM,39.0
613,medical_emergency,0,0,0,0,0,0,0,0,2.0,1.0,0.97,122.0,19,6,LOW,100.0
614,power_outage,0,1,0,1,0,0,0,0,1.0,1.0,0.51,27.0,9,64,HIGH,73.7
615,fire,1,0,1,0,0,0,0,0,2.0,1.0,0.85,19.0,23,98,CRITICAL,100.0
616,medical_emergency,1,1,0,1,1,0,0,0,3.0,0.0,0.46,96.0,21,100,CRITICAL,82.5
617,industrial_accident,1,0,0,0,1,1,0,0,2.0,0.0,,41.0,6,100,CRITICAL,78.8
618,medical_emergency,0,0,0,0,0,0,0,0,3.0,0.0,1.0,11.0,16,0,LOW,100.0
619,fire,0,0,1,0,0,0,0,1,2.0,0.0,0.82,100.0,36,68,HIGH,76.3
620,fire,1,0,1,0,0,0,0,0,3.0,0.0,0.82,83.0,13,92,CRITICAL,100.0
621,medical_emergency,0,0,0,0,1,0,0,0,1.0,0.0,0.75,49.0,6,19,LOW,54.7
622,medical_emergency,0,1,0,0,0,0,0,0,2.0,,0.69,72.0,17,45,MEDIUM,78.3
623,medical_emergency,0,1,0,0,1,0,0,1,2.0,1.0,0.89,126.0,5,94,CRITICAL,100.0
624,power_outage,0,0,0,0,0,0,0,0,3.0,0.0,0.79,62.0,5,0,LOW,93.0
625,flood,1,0,0,0,0,0,0,0,1.0,0.0,0.58,35.0,14,52,MEDIUM,47.3
626,road_blockage,0,1,0,0,1,0,0,0,3.0,0.0,0.83,110.0,14,66,HIGH,98.5
627,chemical_leak,1,0,0,0,0,1,0,0,3.0,0.0,0.95,103.0,8,100,CRITICAL,88.7
628,building_collapse,0,0,1,0,1,0,1,1,1.0,0.0,0.47,72.0,9,100,CRITICAL,43.2
629,power_outage,0,0,1,0,1,0,0,0,3.0,0.0,0.9,81.0,76,54,MEDIUM,97.9
630,flood,1,1,0,0,0,0,0,0,2.0,0.0,0.7,128.0,10,88,CRITICAL,60.1
631,medical_emergency,0,1,0,0,0,0,0,0,,0.0,0.89,21.0,9,59,HIGH,88.4
632,flood,0,1,0,0,0,0,0,0,3.0,0.0,0.53,111.0,14,40,HIGH,86.6
633,power_outage,0,1,0,0,0,0,0,0,1.0,0.0,1.0,38.0,8,43,MEDIUM,54.2
634,industrial_accident,0,0,1,0,0,1,0,0,3.0,0.0,0.76,26.0,46,83,CRITICAL,95.3
635,industrial_accident,0,0,0,0,0,1,0,0,1.0,1.0,0.84,71.0,8,49,MEDIUM,96.0
636,building_collapse,0,0,0,0,0,0,1,1,1.0,0.0,0.68,75.0,15,74,MEDIUM,41.1
637,building_collapse,0,0,1,1,0,0,1,0,2.0,0.0,0.51,133.0,5,100,CRITICAL,60.8
638,road_blockage,1,0,0,0,0,0,0,0,3.0,0.0,0.89,177.0,9,46,MEDIUM,87.3
639,power_outage,0,1,0,0,1,0,0,0,1.0,1.0,0.88,42.0,6,69,CRITICAL,84.7
640,industrial_accident,0,0,0,0,0,1,0,0,3.0,0.0,0.75,138.0,56,38,HIGH,84.1
641,building_collapse,1,1,0,0,1,1,1,0,1.0,0.0,0.93,52.0,11,100,CRITICAL,65.9
642,medical_emergency,0,0,0,0,0,0,0,0,3.0,1.0,0.98,124.0,10,1,LOW,100.0
643,industrial_accident,0,1,0,1,0,1,0,0,2.0,1.0,0.82,49.0,9,100,CRITICAL,92.9
644,power_outage,0,0,0,0,1,0,0,0,2.0,,1.0,101.0,51,4,LOW,95.3
645,fire,1,0,1,0,1,0,0,0,3.0,1.0,0.74,141.0,11,100,CRITICAL,100.0
646,power_outage,1,0,0,0,0,0,0,0,3.0,0.0,0.77,70.0,10,45,MEDIUM,100.0
647,industrial_accident,1,0,0,0,1,1,0,1,,0.0,0.87,10.0,8,100,CRITICAL,61.0
648,flood,0,0,0,0,1,0,0,0,2.0,0.0,0.68,15.0,9,25,LOW,74.2
649,road_blockage,0,0,0,0,0,0,0,0,1.0,0.0,,56.0,13,0,LOW,52.2
650,building_collapse,0,0,0,0,0,0,1,0,1.0,0.0,0.63,162.0,6,72,HIGH,43.2
651,medical_emergency,0,1,0,0,0,0,0,0,2.0,0.0,0.63,77.0,15,37,MEDIUM,81.0
652,building_collapse,1,0,0,0,1,1,1,1,2.0,0.0,1.0,165.0,31,100,CRITICAL,71.6
653,fire,0,0,1,0,0,0,0,0,2.0,0.0,0.4,,3,35,MEDIUM,55.8
654,power_outage,0,0,0,1,0,0,0,0,2.0,,0.6,112.0,8,24,MEDIUM,53.1
655,fire,0,0,1,0,0,0,0,0,3.0,1.0,0.83,124.0,13,58,HIGH,100.0
656,fire,1,0,1,0,0,0,0,0,2.0,0.0,1.0,28.0,11,98,CRITICAL,83.4
657,building_collapse,0,0,0,0,1,0,1,0,3.0,0.0,0.83,11.0,8,67,HIGH,94.1
658,power_outage,1,1,0,0,1,0,0,0,3.0,1.0,0.75,146.0,12,100,CRITICAL,100.0
659,industrial_accident,0,0,1,0,0,1,0,0,3.0,1.0,,92.0,10,94,CRITICAL,100.0
660,power_outage,0,0,0,0,1,0,0,0,,0.0,0.97,122.0,8,12,LOW,45.4
661,power_outage,0,0,0,0,0,0,0,1,1.0,0.0,1.0,113.0,6,25,LOW,55.3
662,chemical_leak,0,0,0,0,1,1,0,0,3.0,,0.86,126.0,9,52,MEDIUM,100.0
663,fire,1,0,1,0,0,1,0,0,2.0,0.0,0.89,89.0,7,100,CRITICAL,72.7
664,medical_emergency,0,1,0,0,0,0,0,0,3.0,0.0,0.82,56.0,13,45,MEDIUM,89.2
665,building_collapse,0,0,0,0,0,0,1,0,3.0,1.0,0.73,146.0,9,61,HIGH,100.0
666,road_blockage,0,0,0,0,0,0,0,1,2.0,0.0,0.63,117.0,9,32,MEDIUM,68.8
667,power_outage,0,0,0,0,0,0,0,1,1.0,0.0,0.69,119.0,6,25,LOW,46.2
668,building_collapse,0,0,0,0,0,0,1,0,1.0,0.0,0.98,168.0,12,50,MEDIUM,41.0
669,fire,0,1,1,0,0,0,0,0,2.0,0.0,0.45,112.0,9,79,CRITICAL,58.1
670,power_outage,0,0,0,1,0,0,0,1,,1.0,0.52,46.0,15,50,MEDIUM,87.1
671,medical_emergency,0,0,0,0,0,0,0,0,3.0,1.0,0.78,3.0,6,3,LOW,100.0
672,industrial_accident,0,0,0,0,0,1,0,0,2.0,1.0,0.45,163.0,11,32,MEDIUM,74.6
673,industrial_accident,1,0,0,0,0,1,0,1,3.0,1.0,1.0,150.0,11,100,CRITICAL,100.0
674,medical_emergency,0,0,0,0,1,0,0,0,3.0,0.0,0.74,52.0,11,18,LOW,85.5
675,fire,0,0,1,0,0,0,0,0,3.0,0.0,0.77,14.0,9,46,LOW,100.0
676,chemical_leak,0,0,0,0,0,1,0,0,3.0,1.0,0.55,45.0,10,45,MEDIUM,100.0
677,fire,0,1,1,1,0,0,0,0,1.0,0.0,0.7,58.0,8,100,CRITICAL,52.0
678,industrial_accident,1,1,0,0,1,1,1,0,2.0,1.0,0.58,28.0,26,100,CRITICAL,100.0
679,medical_emergency,0,1,1,0,0,0,0,0,2.0,0.0,1.0,23.0,13,95,CRITICAL,93.3
680,flood,1,0,1,0,0,0,0,1,2.0,0.0,0.86,97.0,13,100,CRITICAL,78.1
681,building_collapse,1,0,0,1,1,0,1,1,3.0,0.0,0.99,167.0,12,100,CRITICAL,100.0
682,power_outage,1,1,0,0,1,0,0,0,3.0,1.0,0.68,47.0,13,100,CRITICAL,100.0
683,industrial_accident,0,0,0,1,0,1,0,0,2.0,1.0,0.79,102.0,6,79,CRITICAL,94.5
684,industrial_accident,1,0,0,0,0,1,0,0,1.0,0.0,0.27,,9,96,CRITICAL,35.7
685,flood,0,0,0,0,1,0,1,0,1.0,1.0,0.94,55.0,5,77,HIGH,79.3
686,power_outage,1,0,0,0,0,0,0,0,2.0,1.0,0.68,5.0,9,60,HIGH,95.9
687,chemical_leak,0,0,0,0,1,1,0,0,1.0,0.0,0.79,62.0,13,50,MEDIUM,48.7
688,power_outage,1,1,0,0,0,0,0,1,1.0,0.0,,135.0,12,100,CRITICAL,46.6
689,building_collapse,0,0,0,0,1,1,1,0,2.0,0.0,1.0,160.0,46,100,CRITICAL,76.4
690,industrial_accident,0,0,0,0,0,1,0,0,2.0,,0.74,149.0,16,33,MEDIUM,78.0
691,industrial_accident,1,0,0,0,0,1,0,0,1.0,1.0,0.71,138.0,7,86,CRITICAL,73.8
692,medical_emergency,1,0,0,0,0,0,0,0,3.0,,0.9,112.0,15,49,MEDIUM,100.0
693,industrial_accident,0,0,0,0,0,1,0,1,1.0,0.0,0.6,40.0,11,64,HIGH,37.3
694,chemical_leak,0,0,0,0,1,1,0,0,3.0,0.0,0.86,126.0,15,43,MEDIUM,90.5
695,fire,1,0,1,0,0,0,0,0,1.0,0.0,1.0,174.0,7,100,CRITICAL,58.0
696,chemical_leak,0,1,0,0,1,1,0,0,3.0,0.0,,144.0,21,99,CRITICAL,93.1
697,chemical_leak,1,0,0,1,0,1,0,1,2.0,0.0,0.54,118.0,13,100,CRITICAL,54.0
698,medical_emergency,0,0,0,0,0,0,0,1,3.0,1.0,0.91,156.0,9,33,MEDIUM,100.0
699,building_collapse,1,0,0,0,0,0,1,0,3.0,0.0,0.59,128.0,6,100,CRITICAL,85.4
700,road_blockage,0,1,0,0,0,0,0,1,2.0,1.0,0.97,75.0,8,67,HIGH,100.0
701,fire,0,0,1,0,0,0,0,0,1.0,0.0,0.67,161.0,51,57,HIGH,39.5
702,building_collapse,1,1,0,0,1,0,1,0,3.0,1.0,0.94,164.0,41,100,CRITICAL,100.0
703,road_blockage,0,0,0,0,0,0,0,0,2.0,0.0,0.63,140.0,7,0,LOW,63.3
704,industrial_accident,1,1,0,1,0,0,0,0,1.0,0.0,0.55,60.0,7,100,CRITICAL,39.4
705,medical_emergency,0,1,0,0,0,0,0,0,3.0,0.0,0.71,109.0,6,36,MEDIUM,92.9
706,power_outage,0,0,0,0,1,0,0,1,2.0,0.0,0.82,1.0,9,50,MEDIUM,79.1
707,industrial_accident,0,0,0,0,0,1,0,0,1.0,0.0,0.67,129.0,21,45,MEDIUM,44.9
708,flood,0,0,0,0,0,0,0,0,1.0,0.0,0.39,131.0,19,0,LOW,27.7
709,medical_emergency,0,0,0,0,0,1,0,0,2.0,1.0,0.3,40.0,21,45,MEDIUM,87.4
710,building_collapse,0,1,0,0,0,0,1,0,2.0,1.0,0.75,71.0,21,84,CRITICAL,93.8
711,chemical_leak,0,0,0,0,1,1,0,0,2.0,0.0,0.82,105.0,13,67,HIGH,72.5
712,chemical_leak,0,0,0,0,0,1,0,0,3.0,0.0,0.62,5.0,8,47,MEDIUM,91.3
713,chemical_leak,0,0,0,0,0,1,0,0,3.0,0.0,0.9,22.0,15,64,HIGH,100.0
714,chemical_leak,1,1,0,0,1,1,0,0,2.0,1.0,1.0,11.0,7,100,CRITICAL,100.0
715,building_collapse,0,0,0,0,1,0,1,1,2.0,1.0,0.34,135.0,15,89,CRITICAL,83.2
716,chemical_leak,0,1,0,1,0,1,0,0,1.0,1.0,0.93,,13,100,CRITICAL,91.0
717,building_collapse,0,1,0,0,0,0,1,0,1.0,0.0,0.92,172.0,6,86,CRITICAL,44.3
718,fire,0,0,1,0,0,0,0,0,1.0,1.0,1.0,10.0,14,54,MEDIUM,86.7
719,building_collapse,0,0,1,0,1,0,1,0,2.0,0.0,0.79,5.0,5,100,CRITICAL,83.0
720,fire,0,0,1,0,0,0,0,0,3.0,0.0,,122.0,8,50,MEDIUM,80.8
721,building_collapse,0,0,0,0,0,0,1,0,1.0,0.0,0.62,163.0,4,52,MEDIUM,34.2
722,medical_emergency,0,1,0,0,0,0,0,0,2.0,,0.64,58.0,9,29,LOW,66.0
723,fire,0,0,1,0,0,0,0,0,1.0,1.0,1.0,31.0,12,54,MEDIUM,89.4
724,flood,1,0,0,0,0,0,0,0,2.0,0.0,0.72,151.0,11,61,MEDIUM,60.5
725,road_blockage,0,0,1,1,1,1,0,0,2.0,0.0,0.47,154.0,12,100,CRITICAL,68.4
726,industrial_accident,1,0,0,0,0,1,0,0,1.0,0.0,0.12,172.0,5,93,CRITICAL,23.0
727,road_blockage,0,0,0,0,0,0,0,0,3.0,0.0,1.0,63.0,8,0,LOW,100.0
728,building_collapse,0,0,0,0,0,0,1,0,2.0,,1.0,62.0,10,45,MEDIUM,73.0
729,chemical_leak,1,1,0,0,1,1,0,0,,0.0,1.0,114.0,11,100,CRITICAL,77.7
730,road_blockage,0,0,0,0,0,0,0,0,3.0,1.0,0.68,147.0,25,0,LOW,100.0
731,fire,0,1,1,0,0,1,0,0,1.0,0.0,0.69,103.0,21,100,CRITICAL,53.1
732,fire,1,1,1,0,0,0,0,1,1.0,0.0,0.69,100.0,13,100,CRITICAL,39.6
733,road_blockage,0,0,0,0,0,0,0,1,1.0,1.0,0.92,159.0,7,19,LOW,75.1
734,flood,1,0,0,0,0,0,0,0,3.0,1.0,0.77,26.0,19,44,MEDIUM,100.0
735,fire,1,0,1,0,0,0,0,0,2.0,0.0,0.72,156.0,4,100,CRITICAL,66.7
736,chemical_leak,0,0,0,0,0,1,0,0,3.0,1.0,0.15,55.0,13,28,LOW,100.0
737,flood,1,1,0,1,1,0,0,0,3.0,1.0,0.57,14.0,7,100,CRITICAL,100.0
738,chemical_leak,0,1,0,0,0,0,0,0,1.0,0.0,0.68,17.0,9,38,MEDIUM,62.6
739,building_collapse,0,0,0,1,0,0,1,0,1.0,0.0,0.7,3.0,13,71,HIGH,56.8
740,power_outage,0,0,0,0,0,0,0,0,1.0,0.0,0.47,90.0,15,13,LOW,44.5
741,industrial_accident,1,0,0,0,0,1,0,0,2.0,0.0,1.0,143.0,7,99,CRITICAL,71.9
742,industrial_accident,0,0,0,0,0,1,0,0,2.0,0.0,0.92,127.0,13,50,MEDIUM,79.4
743,medical_emergency,0,1,0,0,0,0,0,1,,0.0,0.95,139.0,7,64,HIGH,80.9
744,building_collapse,1,1,0,0,1,0,1,0,2.0,0.0,0.53,66.0,25,100,CRITICAL,75.8
745,power_outage,1,0,0,0,0,0,0,0,2.0,,1.0,28.0,6,44,MEDIUM,82.7
746,chemical_leak,1,0,0,0,0,1,1,1,3.0,0.0,0.3,111.0,9,100,CRITICAL,75.7
747,medical_emergency,0,0,0,1,0,0,0,1,1.0,0.0,0.74,1.0,7,44,MEDIUM,54.3
748,chemical_leak,1,0,0,1,1,1,0,0,3.0,,0.71,79.0,8,100,CRITICAL,92.4
749,chemical_leak,0,0,0,0,1,1,0,0,1.0,1.0,0.69,42.0,10,52,MEDIUM,72.4
750,medical_emergency,1,1,0,0,1,0,0,0,2.0,1.0,0.64,18.0,5,100,CRITICAL,97.9
751,chemical_leak,0,0,0,0,1,1,0,0,3.0,0.0,0.96,19.0,21,68,HIGH,95.9
752,flood,0,0,0,0,0,0,0,0,2.0,1.0,,17.0,7,0,LOW,94.0
753,power_outage,0,0,0,0,0,1,0,0,2.0,0.0,0.87,115.0,19,35,MEDIUM,57.7
754,chemical_leak,0,0,0,0,0,1,0,0,2.0,0.0,0.62,112.0,26,41,MEDIUM,61.3
755,building_collapse,1,0,0,0,0,0,1,0,2.0,1.0,,1.0,5,99,CRITICAL,100.0
756,chemical_leak,0,1,0,0,0,1,0,0,1.0,,0.4,54.0,14,82,CRITICAL,50.4
757,chemical_leak,0,1,1,1,0,1,0,0,1.0,0.0,0.95,153.0,11,100,CRITICAL,57.0
758,building_collapse,1,1,0,0,0,0,1,0,2.0,1.0,1.0,49.0,7,100,CRITICAL,100.0
759,medical_emergency,1,0,0,0,0,0,0,0,3.0,0.0,0.8,156.0,11,49,MEDIUM,94.5
760,fire,1,0,1,0,0,0,0,0,,1.0,0.92,170.0,8,96,CRITICAL,100.0
761,industrial_accident,0,0,0,0,0,1,0,0,1.0,0.0,0.72,9.0,7,37,HIGH,57.9
762,flood,0,0,0,0,1,0,1,0,3.0,0.0,0.96,33.0,8,83,CRITICAL,92.5
763,road_blockage,0,0,0,0,0,0,0,0,1.0,1.0,0.48,167.0,71,3,LOW,63.7
764,building_collapse,0,0,0,0,1,0,1,0,2.0,1.0,0.62,131.0,36,75,HIGH,90.6
765,medical_emergency,0,1,0,0,0,0,1,0,1.0,1.0,0.97,123.0,3,94,CRITICAL,86.1
766,medical_emergency,0,0,0,0,1,0,0,1,2.0,1.0,0.97,96.0,7,50,MEDIUM,100.0
767,chemical_leak,0,0,1,0,0,1,1,0,2.0,0.0,0.6,69.0,10,100,CRITICAL,64.6
768,power_outage,0,1,0,1,0,0,0,0,1.0,0.0,0.78,103.0,9,74,HIGH,47.8
769,medical_emergency,0,0,0,1,0,0,0,0,3.0,0.0,0.56,167.0,7,27,LOW,80.8
770,power_outage,0,1,0,0,0,0,0,0,2.0,1.0,0.89,36.0,6,34,MEDIUM,100.0
771,industrial_accident,1,0,0,0,1,1,0,0,3.0,0.0,0.69,176.0,9,100,CRITICAL,77.3
772,medical_emergency,0,0,1,0,0,1,1,0,1.0,0.0,1.0,2.0,7,100,CRITICAL,69.8
773,flood,0,1,0,0,1,0,0,0,2.0,0.0,0.98,13.0,13,68,CRITICAL,79.4
774,fire,1,1,1,0,1,0,0,0,3.0,0.0,0.84,160.0,17,100,CRITICAL,99.7
775,building_collapse,1,0,0,0,0,0,1,1,3.0,0.0,0.56,29.0,12,100,CRITICAL,92.2
776,building_collapse,1,0,0,0,0,1,0,0,3.0,1.0,0.93,77.0,6,98,CRITICAL,100.0
777,flood,0,1,0,0,0,0,0,0,1.0,0.0,0.53,81.0,12,45,MEDIUM,49.6
778,road_blockage,0,0,0,0,1,0,0,0,3.0,1.0,0.67,152.0,27,28,LOW,100.0
779,flood,0,1,0,0,0,0,0,0,1.0,1.0,0.72,50.0,5,41,MEDIUM,76.5
780,medical_emergency,0,1,0,0,0,0,0,1,3.0,1.0,0.84,35.0,5,68,HIGH,100.0
781,power_outage,0,0,0,0,1,0,0,1,1.0,1.0,0.73,106.0,13,44,MEDIUM,73.0
782,industrial_accident,0,0,0,1,0,1,0,1,3.0,1.0,0.81,14.0,10,100,CRITICAL,100.0
783,road_blockage,0,0,0,0,0,0,0,1,1.0,1.0,0.76,79.0,11,17,LOW,73.9
784,industrial_accident,0,0,0,0,1,1,0,0,1.0,0.0,,152.0,8,62,HIGH,49.9
785,road_blockage,1,0,1,0,0,0,0,0,1.0,0.0,0.63,,21,100,CRITICAL,58.4
786,power_outage,1,1,0,0,0,0,0,0,2.0,1.0,0.64,71.0,6,100,CRITICAL,92.0
787,building_collapse,0,0,0,0,1,0,1,0,,1.0,0.55,131.0,11,82,CRITICAL,100.0
788,road_blockage,1,1,0,1,0,0,0,0,1.0,0.0,0.72,148.0,17,100,CRITICAL,50.0
789,power_outage,1,0,1,0,0,1,0,0,1.0,1.0,0.8,13.0,5,100,CRITICAL,75.9
790,industrial_accident,0,0,0,0,1,1,0,0,3.0,0.0,0.7,16.0,9,51,MEDIUM,100.0
791,road_blockage,0,0,0,0,1,0,0,0,3.0,0.0,0.6,7.0,10,17,LOW,91.0
792,medical_emergency,0,0,0,1,0,0,0,0,3.0,0.0,0.57,115.0,21,34,MEDIUM,84.5
793,fire,0,0,1,0,0,0,0,0,1.0,1.0,0.73,22.0,25,47,MEDIUM,79.5
794,industrial_accident,0,1,0,0,0,1,0,0,2.0,0.0,1.0,143.0,6,92,CRITICAL,71.7
795,building_collapse,0,0,0,0,1,0,1,0,1.0,0.0,0.42,154.0,15,71,HIGH,24.8
796,fire,0,0,1,1,1,0,0,0,2.0,,0.93,106.0,10,95,CRITICAL,99.5
797,building_collapse,0,1,0,0,1,0,1,0,3.0,0.0,1.0,73.0,13,100,CRITICAL,100.0
798,road_blockage,1,1,0,0,0,0,0,0,3.0,0.0,0.53,166.0,11,79,CRITICAL,80.5
799,power_outage,1,1,0,0,0,0,0,0,3.0,0.0,0.89,166.0,8,82,CRITICAL,92.2
800,chemical_leak,1,0,0,0,0,1,0,0,1.0,0.0,,79.0,15,90,CRITICAL,58.0
801,medical_emergency,1,0,0,0,0,0,0,1,,0.0,0.75,167.0,4,82,CRITICAL,78.8
802,industrial_accident,0,0,1,0,0,1,0,0,1.0,0.0,0.77,46.0,12,97,CRITICAL,47.0
803,fire,1,0,1,0,0,0,0,0,1.0,0.0,,1.0,11,91,CRITICAL,63.7
804,flood,0,0,0,0,1,0,1,0,1.0,0.0,0.51,117.0,13,67,HIGH,44.6
805,chemical_leak,0,1,0,0,0,1,0,0,2.0,0.0,0.66,125.0,9,76,MEDIUM,65.5
806,road_blockage,0,1,0,0,0,0,0,0,1.0,0.0,0.94,138.0,15,49,MEDIUM,48.9
807,industrial_accident,0,0,0,0,0,1,0,1,2.0,0.0,0.75,14.0,15,75,MEDIUM,91.7
808,fire,1,0,1,0,0,0,0,0,3.0,1.0,0.98,50.0,11,88,CRITICAL,100.0
809,flood,0,1,0,0,1,0,0,1,3.0,0.0,0.82,39.0,8,95,CRITICAL,100.0
810,flood,1,0,0,0,0,0,0,0,3.0,0.0,0.8,30.0,7,48,MEDIUM,96.3
811,power_outage,0,0,0,0,0,0,0,0,3.0,,0.76,149.0,11,0,LOW,79.9
812,flood,0,0,0,0,0,0,0,1,1.0,0.0,0.36,17.0,17,29,LOW,50.9
813,power_outage,0,0,0,0,1,0,0,1,2.0,0.0,0.73,18.0,21,44,MEDIUM,77.0
814,chemical_leak,0,0,0,1,0,0,0,0,3.0,1.0,0.86,40.0,9,39,MEDIUM,100.0
815,power_outage,1,1,0,0,0,0,0,1,2.0,0.0,0.4,122.0,7,100,CRITICAL,61.1
816,building_collapse,0,0,0,0,0,0,1,0,3.0,1.0,0.91,93.0,9,53,MEDIUM,100.0
817,industrial_accident,1,1,0,0,1,1,0,0,3.0,0.0,,137.0,10,100,CRITICAL,92.1
818,industrial_accident,0,0,0,0,0,1,0,0,1.0,0.0,0.75,33.0,12,39,MEDIUM,56.0
819,flood,0,1,0,1,1,0,0,1,3.0,1.0,0.41,92.0,15,100,CRITICAL,100.0
820,building_collapse,0,0,0,0,1,0,1,0,3.0,0.0,0.91,156.0,13,81,CRITICAL,88.5
821,industrial_accident,0,1,0,0,0,1,0,0,1.0,0.0,0.61,77.0,9,78,HIGH,54.1
822,power_outage,0,1,0,0,0,0,0,0,2.0,0.0,0.98,57.0,6,37,MEDIUM,90.6
823,industrial_accident,1,1,1,0,0,1,0,0,2.0,0.0,1.0,168.0,12,100,CRITICAL,67.8
824,power_outage,0,0,0,1,0,0,1,0,1.0,0.0,0.94,119.0,9,87,CRITICAL,58.2
825,medical_emergency,0,1,0,0,0,0,0,0,1.0,,0.96,6.0,7,45,MEDIUM,90.3
826,fire,1,1,1,0,0,0,0,0,2.0,0.0,1.0,78.0,12,100,CRITICAL,75.4
827,building_collapse,0,0,0,0,1,0,1,0,3.0,0.0,,90.0,7,76,HIGH,83.7
828,fire,0,0,1,0,0,0,0,0,3.0,0.0,0.96,44.0,17,34,MEDIUM,100.0
829,fire,0,0,1,0,0,0,0,0,3.0,1.0,0.68,17.0,21,50,MEDIUM,100.0
830,industrial_accident,0,0,0,0,0,1,1,0,1.0,0.0,0.87,157.0,12,100,CRITICAL,51.8
831,flood,1,0,0,0,1,0,0,0,1.0,1.0,0.7,139.0,19,74,HIGH,71.9
832,building_collapse,1,0,0,0,0,0,1,0,1.0,1.0,0.98,14.0,15,100,CRITICAL,93.2
833,chemical_leak,0,0,0,0,0,1,0,0,2.0,0.0,0.41,130.0,10,46,MEDIUM,51.9
834,building_collapse,1,1,1,1,0,0,1,1,3.0,0.0,0.74,94.0,31,100,CRITICAL,88.7
835,building_collapse,0,1,1,0,1,0,1,0,1.0,1.0,0.86,72.0,8,100,CRITICAL,78.0
836,medical_emergency,1,0,0,0,0,0,0,0,1.0,1.0,0.72,98.0,9,41,MEDIUM,72.4
837,chemical_leak,1,0,0,0,0,0,0,0,2.0,0.0,0.63,155.0,7,27,LOW,72.9
838,medical_emergency,0,0,0,0,1,0,1,0,3.0,0.0,0.61,,9,82,CRITICAL,87.3
839,medical_emergency,0,0,0,0,1,1,0,0,2.0,,1.0,21.0,10,75,HIGH,100.0
840,fire,1,0,1,0,0,0,0,0,3.0,1.0,,,19,91,CRITICAL,100.0
841,chemical_leak,1,0,0,0,0,1,0,0,1.0,0.0,0.6,134.0,10,92,CRITICAL,41.2
842,building_collapse,0,0,0,0,0,0,1,0,1.0,0.0,0.89,168.0,9,67,HIGH,46.4
843,chemical_leak,0,1,0,0,0,1,0,0,3.0,0.0,0.86,122.0,7,86,CRITICAL,89.2
844,power_outage,1,0,1,0,1,0,0,0,2.0,0.0,,106.0,11,100,CRITICAL,70.0
845,power_outage,0,0,0,0,1,0,0,0,3.0,0.0,1.0,161.0,12,30,LOW,99.2
846,power_outage,0,0,0,0,0,0,0,0,2.0,0.0,0.47,118.0,7,0,LOW,58.1
847,flood,0,1,0,0,1,0,0,0,1.0,1.0,0.93,179.0,7,70,HIGH,74.2
848,road_blockage,0,0,0,0,0,0,0,0,3.0,0.0,0.77,48.0,11,5,LOW,94.3
849,flood,0,1,0,0,1,0,0,0,3.0,1.0,0.86,86.0,7,58,HIGH,100.0
850,building_collapse,1,0,0,0,1,0,1,0,1.0,0.0,0.92,169.0,11,100,CRITICAL,47.3
851,power_outage,1,1,0,0,1,0,0,0,3.0,1.0,0.97,86.0,4,100,CRITICAL,100.0
852,power_outage,0,0,0,0,0,0,0,0,1.0,0.0,,155.0,17,0,LOW,41.0
853,power_outage,0,1,1,1,0,0,0,1,2.0,0.0,0.65,148.0,8,100,CRITICAL,50.6
854,power_outage,0,1,0,0,0,0,0,0,2.0,1.0,0.71,105.0,37,38,MEDIUM,81.1
855,industrial_accident,0,1,0,0,0,1,0,0,3.0,0.0,0.61,158.0,12,74,HIGH,72.1
856,chemical_leak,1,0,0,0,0,1,0,0,2.0,1.0,0.63,93.0,15,89,CRITICAL,90.5
857,medical_emergency,0,0,0,0,1,0,0,1,2.0,1.0,0.96,25.0,8,30,LOW,100.0
858,power_outage,0,0,0,0,0,0,0,1,2.0,1.0,0.75,30.0,11,27,LOW,100.0
859,flood,0,0,0,0,0,0,0,1,,1.0,1.0,69.0,3,21,LOW,100.0
860,medical_emergency,1,0,0,0,0,0,0,0,1.0,0.0,1.0,177.0,10,58,HIGH,51.8
861,building_collapse,0,1,0,0,1,0,1,0,2.0,1.0,0.28,156.0,10,100,CRITICAL,70.5
862,medical_emergency,0,0,0,0,0,0,0,0,1.0,1.0,0.96,132.0,8,0,LOW,85.6
863,flood,0,0,0,0,0,0,0,0,1.0,0.0,0.73,107.0,15,0,LOW,53.4
864,building_collapse,0,0,0,0,0,0,1,0,3.0,0.0,,31.0,11,49,MEDIUM,86.4
865,chemical_leak,1,1,0,0,1,1,0,0,1.0,0.0,0.95,169.0,12,100,CRITICAL,51.0
866,medical_emergency,1,0,0,0,1,0,0,1,3.0,0.0,,27.0,11,89,CRITICAL,88.0
867,flood,0,0,0,0,0,0,0,0,1.0,1.0,,141.0,5,8,LOW,64.7
868,power_outage,0,1,0,1,1,0,0,0,1.0,1.0,1.0,,11,93,CRITICAL,80.1
869,fire,0,0,1,0,0,0,0,0,2.0,0.0,0.51,158.0,10,49,MEDIUM,53.2
870,fire,0,0,1,0,0,0,0,1,3.0,1.0,0.5,121.0,5,89,CRITICAL,100.0
871,road_blockage,0,0,0,0,1,0,0,0,3.0,1.0,1.0,176.0,26,7,LOW,100.0
872,industrial_accident,0,0,0,1,0,1,0,0,1.0,,0.63,28.0,9,78,HIGH,85.9
873,medical_emergency,0,0,0,0,0,0,0,0,3.0,0.0,0.69,,12,3,LOW,100.0
874,road_blockage,1,0,0,0,0,1,0,0,2.0,0.0,0.93,67.0,7,100,CRITICAL,69.9
875,fire,0,1,1,0,1,0,1,0,1.0,1.0,0.93,171.0,41,100,CRITICAL,66.3
876,flood,0,0,0,0,0,0,0,0,2.0,1.0,0.63,149.0,9,5,LOW,78.5
877,industrial_accident,1,1,0,0,0,1,0,0,3.0,1.0,0.82,14.0,11,100,CRITICAL,100.0
878,industrial_accident,0,1,0,0,1,1,0,0,3.0,0.0,0.8,,51,100,CRITICAL,94.8
879,power_outage,0,0,0,0,1,0,0,0,3.0,0.0,0.68,175.0,8,9,LOW,75.7
880,industrial_accident,0,0,1,1,1,1,0,0,1.0,1.0,1.0,,9,100,CRITICAL,77.9
881,flood,0,1,0,0,0,0,0,0,2.0,0.0,0.73,110.0,10,45,MEDIUM,61.7
882,medical_emergency,1,0,0,0,1,0,0,0,1.0,0.0,0.77,131.0,14,74,MEDIUM,50.6
883,fire,1,0,1,0,0,0,0,0,1.0,0.0,0.64,55.0,3,100,CRITICAL,54.4
884,chemical_leak,0,0,0,0,0,1,0,0,,0.0,0.96,12.0,13,46,MEDIUM,57.0
885,power_outage,1,0,0,0,0,0,0,1,2.0,0.0,0.84,127.0,13,69,HIGH,68.5
886,fire,0,0,1,0,0,0,0,0,3.0,1.0,0.52,90.0,15,49,MEDIUM,100.0
887,power_outage,1,0,0,0,0,0,1,0,1.0,0.0,0.61,50.0,10,100,CRITICAL,48.1
888,fire,1,0,1,0,1,0,0,0,2.0,0.0,1.0,116.0,7,100,CRITICAL,73.6
889,building_collapse,1,0,0,0,0,0,1,0,2.0,0.0,0.92,,4,100,CRITICAL,75.2
890,chemical_leak,0,0,1,0,0,1,0,1,3.0,0.0,0.85,59.0,9,100,CRITICAL,100.0
891,building_collapse,0,0,0,0,0,1,1,0,3.0,0.0,0.28,140.0,9,94,CRITICAL,74.0
892,fire,0,0,0,0,0,0,0,0,1.0,1.0,1.0,,19,0,LOW,75.7
893,medical_emergency,1,1,0,0,1,0,0,0,3.0,1.0,0.75,91.0,21,100,CRITICAL,100.0
894,industrial_accident,1,0,0,1,1,1,0,0,,0.0,0.6,58.0,10,100,CRITICAL,46.7
895,road_blockage,0,1,0,0,0,0,0,0,2.0,1.0,,54.0,10,49,MEDIUM,100.0
896,flood,1,0,0,1,0,0,0,0,1.0,0.0,1.0,149.0,11,71,HIGH,54.9
897,flood,0,1,0,0,0,0,0,1,3.0,0.0,0.38,129.0,61,69,HIGH,70.2
898,industrial_accident,0,1,0,0,0,1,0,0,1.0,0.0,0.87,150.0,31,88,CRITICAL,37.1
899,medical_emergency,0,0,1,0,0,0,0,0,1.0,0.0,0.81,25.0,16,55,MEDIUM,44.4
900,industrial_accident,1,0,0,0,1,1,0,1,1.0,1.0,0.6,15.0,6,100,CRITICAL,79.4
901,chemical_leak,0,0,0,0,0,0,0,0,3.0,,1.0,23.0,4,0,LOW,99.1
902,fire,0,0,1,0,0,0,0,0,1.0,1.0,0.34,66.0,9,45,MEDIUM,62.7
903,flood,0,0,0,1,1,0,0,0,3.0,0.0,0.47,72.0,19,48,LOW,81.1
904,power_outage,0,1,0,0,0,0,0,0,1.0,1.0,0.86,142.0,12,43,HIGH,75.0
905,building_collapse,0,0,0,0,1,0,1,0,,1.0,0.7,45.0,12,75,HIGH,81.6
906,medical_emergency,0,1,0,0,0,0,0,0,2.0,0.0,0.91,130.0,6,35,MEDIUM,81.3
907,building_collapse,0,0,0,1,0,0,1,0,1.0,0.0,0.7,44.0,6,89,CRITICAL,50.6
908,chemical_leak,1,1,0,0,0,1,0,0,2.0,0.0,0.93,31.0,10,100,CRITICAL,77.4
909,power_outage,0,1,1,0,1,0,0,0,3.0,0.0,0.59,167.0,8,100,CRITICAL,81.0
910,industrial_accident,0,0,0,0,0,1,0,1,1.0,0.0,0.93,124.0,21,65,HIGH,52.0
911,building_collapse,0,0,0,1,0,0,1,0,,1.0,0.81,13.0,16,86,CRITICAL,100.0
912,building_collapse,0,0,0,0,0,0,1,0,1.0,1.0,0.8,8.0,8,58,HIGH,85.2
913,power_outage,0,0,0,0,0,0,0,0,1.0,1.0,0.66,106.0,7,0,LOW,62.5
914,chemical_leak,0,1,0,0,1,1,0,1,1.0,1.0,0.59,,7,100,CRITICAL,65.8
915,power_outage,0,1,0,0,0,0,0,0,3.0,0.0,0.84,160.0,9,38,MEDIUM,79.1
916,building_collapse,0,1,0,0,0,0,1,0,1.0,0.0,0.67,145.0,10,92,CRITICAL,39.4
917,fire,1,0,1,0,0,0,1,0,1.0,0.0,0.58,97.0,25,100,CRITICAL,43.7
918,chemical_leak,0,0,0,0,0,1,1,0,1.0,0.0,0.78,78.0,21,100,CRITICAL,56.7
919,building_collapse,0,0,0,0,0,0,1,1,2.0,0.0,0.5,148.0,8,88,CRITICAL,65.7
920,chemical_leak,0,1,0,0,0,1,0,0,2.0,0.0,0.88,57.0,7,62,HIGH,69.0
921,industrial_accident,0,0,0,0,0,1,0,1,3.0,0.0,0.66,102.0,10,59,HIGH,83.4
922,power_outage,1,0,0,0,0,0,0,0,1.0,0.0,0.63,100.0,6,38,MEDIUM,42.5
923,medical_emergency,0,0,0,0,0,0,0,0,3.0,0.0,,80.0,23,11,LOW,100.0
924,fire,1,0,1,0,0,0,0,1,1.0,0.0,0.85,24.0,13,100,CRITICAL,47.6
925,road_blockage,0,1,1,0,0,0,0,0,1.0,0.0,0.83,126.0,10,95,CRITICAL,48.8
926,chemical_leak,1,0,0,0,0,1,1,0,1.0,0.0,0.98,6.0,10,100,CRITICAL,61.5
927,road_blockage,0,0,0,1,0,0,0,0,3.0,0.0,0.6,13.0,8,29,LOW,96.9
928,chemical_leak,1,0,0,0,1,1,0,0,1.0,0.0,0.79,62.0,10,100,CRITICAL,49.5
929,fire,0,1,1,0,0,0,0,0,1.0,1.0,0.32,126.0,9,92,CRITICAL,58.7
930,road_blockage,0,0,1,1,0,0,0,0,2.0,0.0,0.39,140.0,7,72,HIGH,47.8
931,chemical_leak,1,0,0,0,1,1,0,0,2.0,0.0,0.99,57.0,17,100,CRITICAL,77.9
932,industrial_accident,0,0,1,0,1,1,0,0,1.0,0.0,0.74,71.0,3,100,CRITICAL,55.1
933,industrial_accident,0,1,1,0,0,1,1,0,3.0,1.0,1.0,16.0,13,100,CRITICAL,100.0
934,road_blockage,1,0,0,0,0,0,0,1,1.0,0.0,0.71,158.0,9,75,HIGH,44.7
935,building_collapse,0,0,0,0,1,0,1,0,2.0,1.0,0.61,131.0,17,78,HIGH,85.7
936,industrial_accident,0,0,0,0,1,1,0,1,1.0,0.0,0.74,96.0,7,97,CRITICAL,53.6
937,road_blockage,0,0,0,0,0,0,0,0,3.0,1.0,0.89,50.0,19,8,LOW,100.0
938,chemical_leak,0,1,0,0,0,1,1,0,1.0,0.0,0.86,171.0,25,100,CRITICAL,46.2
939,power_outage,0,0,0,0,0,0,0,0,2.0,,1.0,170.0,6,0,LOW,92.0
940,building_collapse,0,1,0,0,1,0,1,0,1.0,0.0,0.8,78.0,7,100,CRITICAL,51.0
941,medical_emergency,0,1,0,0,1,0,0,0,2.0,1.0,1.0,106.0,8,55,MEDIUM,100.0
942,chemical_leak,0,1,0,0,1,1,0,0,2.0,1.0,0.67,2.0,8,100,CRITICAL,100.0
943,flood,0,0,0,1,0,0,0,0,2.0,1.0,0.48,163.0,11,25,LOW,78.1
944,chemical_leak,0,0,0,0,0,1,0,0,2.0,1.0,1.0,46.0,25,46,MEDIUM,100.0
945,power_outage,0,0,0,0,0,0,0,0,1.0,0.0,0.5,43.0,11,0,LOW,47.7
946,chemical_leak,0,0,0,0,1,1,0,0,2.0,0.0,0.68,100.0,19,66,HIGH,65.9
947,road_blockage,0,0,0,0,0,0,0,1,3.0,1.0,0.83,174.0,6,24,LOW,100.0
948,chemical_leak,0,0,0,0,0,1,0,1,1.0,0.0,0.9,64.0,5,66,HIGH,53.6
949,chemical_leak,0,0,0,0,1,1,0,0,1.0,0.0,0.62,6.0,16,61,HIGH,56.3
950,chemical_leak,0,0,1,0,1,1,0,1,1.0,0.0,0.53,48.0,10,100,CRITICAL,48.1
951,road_blockage,0,0,0,1,0,0,0,0,2.0,0.0,0.92,2.0,13,25,LOW,84.1
952,fire,0,0,1,1,0,0,0,0,1.0,0.0,0.9,107.0,17,87,CRITICAL,47.7
953,building_collapse,0,0,0,0,1,0,1,0,2.0,0.0,0.69,177.0,11,63,HIGH,62.0
954,industrial_accident,0,1,0,0,0,1,0,0,3.0,1.0,0.65,30.0,13,77,HIGH,100.0
955,industrial_accident,0,0,0,0,1,1,0,0,3.0,0.0,,34.0,10,65,HIGH,98.2
956,road_blockage,0,0,0,0,0,0,0,0,1.0,0.0,0.95,112.0,10,0,LOW,48.3
957,industrial_accident,0,0,0,0,0,0,0,1,1.0,0.0,0.84,5.0,10,22,LOW,57.7
958,road_blockage,0,1,0,0,0,0,0,0,3.0,,0.84,65.0,15,23,LOW,100.0
959,building_collapse,0,1,0,0,0,0,0,0,3.0,1.0,0.6,80.0,14,38,MEDIUM,100.0
960,industrial_accident,0,0,0,0,0,1,0,0,,0.0,0.77,,12,62,HIGH,44.4
961,medical_emergency,0,0,0,0,1,0,0,0,3.0,0.0,0.79,60.0,10,20,LOW,89.1
962,chemical_leak,0,0,0,0,0,1,0,1,2.0,1.0,,95.0,19,67,MEDIUM,90.3
963,industrial_accident,0,0,0,0,1,1,0,0,2.0,0.0,1.0,14.0,14,81,CRITICAL,88.9
964,industrial_accident,1,0,0,0,0,1,0,0,1.0,1.0,,12.0,19,99,CRITICAL,85.7
965,power_outage,0,0,0,0,1,0,0,0,1.0,1.0,0.76,151.0,23,14,LOW,75.4
966,fire,0,0,1,0,0,0,0,0,1.0,0.0,0.96,110.0,13,53,MEDIUM,48.7
967,fire,0,0,1,0,0,0,0,0,2.0,0.0,0.47,39.0,7,37,MEDIUM,66.1
968,building_collapse,0,0,0,0,0,0,1,0,3.0,1.0,0.88,7.0,13,47,MEDIUM,100.0
969,road_blockage,0,1,0,0,1,0,0,1,3.0,1.0,0.67,131.0,10,92,CRITICAL,100.0
970,road_blockage,0,0,0,0,0,1,0,0,2.0,0.0,0.65,104.0,17,41,MEDIUM,62.2
971,power_outage,1,0,0,0,0,0,0,0,3.0,0.0,0.58,11.0,10,48,MEDIUM,84.4
972,flood,0,0,1,0,1,0,0,1,1.0,0.0,0.82,151.0,13,99,CRITICAL,51.2
973,building_collapse,0,0,0,0,0,0,1,0,1.0,0.0,0.7,139.0,10,60,HIGH,40.8
974,building_collapse,0,1,0,1,0,0,1,0,3.0,0.0,0.62,75.0,15,100,CRITICAL,78.1
975,flood,1,0,0,0,1,0,0,0,2.0,1.0,0.86,137.0,7,61,HIGH,87.9
976,chemical_leak,0,1,0,0,1,1,1,0,1.0,0.0,1.0,33.0,12,100,CRITICAL,61.6
977,chemical_leak,0,1,0,0,0,1,0,1,3.0,0.0,0.91,128.0,9,97,CRITICAL,87.2
978,power_outage,0,0,0,0,0,0,0,0,3.0,0.0,1.0,101.0,3,0,LOW,96.9
979,flood,0,0,0,0,1,0,0,0,3.0,0.0,1.0,57.0,21,25,LOW,100.0
980,fire,0,0,1,0,0,0,0,0,1.0,0.0,,170.0,9,48,LOW,31.8
981,fire,0,1,1,0,0,0,0,0,2.0,0.0,0.41,34.0,9,95,CRITICAL,67.1
982,building_collapse,0,0,0,1,0,0,1,0,1.0,1.0,0.71,140.0,15,89,CRITICAL,71.5
983,industrial_accident,1,0,0,1,1,1,0,0,1.0,0.0,0.64,96.0,8,100,CRITICAL,42.4
984,power_outage,0,1,0,0,0,0,0,0,3.0,1.0,0.85,36.0,15,41,MEDIUM,100.0
985,building_collapse,0,0,0,0,1,0,1,0,1.0,0.0,0.61,107.0,6,64,HIGH,41.2
986,medical_emergency,0,1,0,0,0,0,0,0,1.0,0.0,0.65,38.0,7,37,HIGH,48.3
987,fire,0,0,1,0,0,0,1,0,3.0,0.0,0.83,63.0,5,100,CRITICAL,88.5
988,building_collapse,0,0,0,0,0,0,1,0,2.0,0.0,,179.0,4,39,MEDIUM,44.2
989,fire,0,0,1,1,0,0,1,0,3.0,1.0,0.88,169.0,41,100,CRITICAL,100.0
990,building_collapse,0,0,0,0,0,0,1,0,1.0,0.0,0.58,150.0,6,43,MEDIUM,37.8
991,chemical_leak,0,1,0,0,0,1,0,0,1.0,1.0,0.54,169.0,8,96,CRITICAL,64.8
992,power_outage,1,0,0,0,0,0,0,0,2.0,1.0,0.68,90.0,7,51,MEDIUM,97.8
993,flood,0,1,0,0,1,0,0,1,3.0,0.0,0.62,142.0,25,92,CRITICAL,76.4
994,building_collapse,0,0,0,0,1,0,1,0,2.0,0.0,,85.0,8,65,HIGH,74.5
995,industrial_accident,0,0,0,0,0,1,0,0,1.0,1.0,0.88,,12,49,MEDIUM,81.6
996,fire,0,1,1,0,0,0,0,0,1.0,0.0,0.88,63.0,21,100,CRITICAL,54.8
997,fire,0,0,1,0,0,0,0,0,3.0,0.0,0.97,170.0,7,58,HIGH,91.6
998,chemical_leak,0,0,0,0,0,1,0,1,1.0,0.0,0.84,134.0,6,66,HIGH,43.1
999,fire,0,0,1,0,0,0,0,0,1.0,0.0,0.56,163.0,11,55,MEDIUM,34.8
1000,power_outage,1,0,0,0,1,0,0,0,3.0,0.0,0.48,166.0,19,65,HIGH,75.3
1001,power_outage,0,0,0,0,1,0,0,0,1.0,1.0,0.95,73.0,11,9,LOW,84.7
1002,road_blockage,0,0,0,1,1,0,1,0,3.0,1.0,0.48,75.0,14,100,CRITICAL,100.0
1003,power_outage,0,0,0,0,1,0,0,0,1.0,0.0,0.81,171.0,19,24,LOW,40.0
1004,chemical_leak,0,0,0,0,0,1,0,0,1.0,0.0,0.86,12.0,11,34,MEDIUM,62.3
1005,medical_emergency,0,1,0,0,0,0,0,1,2.0,1.0,0.46,,8,47,MEDIUM,86.9
1006,chemical_leak,1,1,0,0,1,1,0,0,1.0,0.0,1.0,83.0,10,100,CRITICAL,53.9
1007,fire,0,0,1,0,0,0,0,0,3.0,0.0,1.0,108.0,9,42,MEDIUM,96.3
1008,flood,0,0,0,0,0,0,0,1,1.0,0.0,0.95,162.0,7,31,MEDIUM,46.5
1009,road_blockage,1,0,0,0,1,0,0,0,2.0,0.0,0.75,31.0,12,74,HIGH,57.6
1010,medical_emergency,1,1,0,0,0,0,1,0,1.0,0.0,,88.0,13,100,CRITICAL,52.7
1011,power_outage,0,0,0,0,0,0,0,0,2.0,0.0,0.73,36.0,7,0,LOW,77.8
1012,road_blockage,0,0,0,0,0,0,0,0,1.0,0.0,0.77,35.0,7,2,LOW,59.4
1013,industrial_accident,0,0,0,0,1,1,0,0,3.0,1.0,0.44,45.0,15,56,HIGH,100.0
1014,road_blockage,0,1,0,0,0,0,0,0,3.0,0.0,0.41,117.0,61,41,MEDIUM,76.3
1015,medical_emergency,1,0,0,0,0,1,0,0,2.0,0.0,1.0,18.0,15,99,CRITICAL,83.8
1016,road_blockage,1,1,1,1,0,0,0,0,3.0,1.0,0.68,87.0,27,100,CRITICAL,100.0
1017,industrial_accident,0,1,0,0,0,1,0,0,2.0,0.0,0.56,60.0,8,87,CRITICAL,53.6
1018,medical_emergency,0,1,0,1,0,0,0,0,1.0,0.0,1.0,60.0,10,64,HIGH,55.7
1019,road_blockage,1,0,0,0,0,0,0,0,2.0,0.0,0.77,128.0,6,59,HIGH,73.9
1020,road_blockage,0,1,0,0,0,0,0,0,2.0,1.0,0.44,51.0,15,47,MEDIUM,91.1
1021,fire,0,1,1,0,0,0,0,0,3.0,0.0,0.72,53.0,14,80,CRITICAL,98.3
1022,flood,0,0,0,0,0,0,0,0,1.0,1.0,0.69,153.0,11,0,LOW,70.9
1023,building_collapse,0,1,0,1,0,0,1,0,3.0,0.0,0.77,153.0,8,100,CRITICAL,79.7
1024,chemical_leak,0,1,0,0,0,1,0,1,2.0,0.0,0.71,118.0,7,100,CRITICAL,62.8
1025,industrial_accident,0,0,0,0,0,1,0,0,2.0,1.0,0.66,30.0,5,53,MEDIUM,98.6
1026,industrial_accident,0,0,0,0,1,1,0,0,2.0,0.0,0.75,42.0,3,69,HIGH,75.6
1027,fire,0,0,1,0,1,1,0,0,2.0,0.0,,36.0,10,100,CRITICAL,59.3
1028,building_collapse,0,0,0,0,1,0,1,0,3.0,0.0,,59.0,6,82,CRITICAL,93.2
1029,fire,0,0,1,0,0,0,0,0,3.0,0.0,0.65,11.0,10,50,MEDIUM,91.6
1030,power_outage,0,0,0,0,1,0,0,0,2.0,0.0,0.54,37.0,7,26,LOW,64.5
1031,building_collapse,1,1,0,0,0,0,1,0,1.0,0.0,0.65,7.0,19,100,CRITICAL,53.7
1032,medical_emergency,0,0,0,0,0,0,0,0,2.0,0.0,0.94,168.0,8,3,LOW,68.5
1033,building_collapse,0,1,0,0,0,0,1,0,1.0,0.0,0.64,,23,92,CRITICAL,34.9
1034,building_collapse,1,1,0,0,0,0,1,0,2.0,0.0,0.57,171.0,10,100,CRITICAL,47.7
1035,road_blockage,0,0,0,0,0,0,0,1,2.0,1.0,0.56,39.0,7,18,LOW,96.5
1036,chemical_leak,1,1,0,0,0,0,0,0,3.0,1.0,0.85,70.0,7,79,HIGH,100.0
1037,fire,0,0,1,0,0,0,0,0,1.0,0.0,0.57,7.0,8,46,MEDIUM,50.2
1038,fire,0,0,1,0,0,0,0,1,2.0,1.0,0.75,148.0,10,75,HIGH,96.9
1039,industrial_accident,1,1,0,0,1,1,0,0,1.0,1.0,1.0,117.0,12,100,CRITICAL,83.1
1040,building_collapse,0,0,0,0,1,0,1,0,2.0,0.0,0.81,113.0,10,85,CRITICAL,70.8
1041,building_collapse,1,1,0,0,0,0,1,0,2.0,0.0,0.79,106.0,13,100,CRITICAL,68.1
1042,fire,1,0,1,0,0,0,0,0,3.0,0.0,0.77,87.0,29,98,CRITICAL,100.0
1043,flood,0,1,0,0,1,0,0,0,1.0,,0.18,82.0,7,59,MEDIUM,45.3
1044,medical_emergency,0,0,0,0,0,0,0,0,1.0,0.0,0.34,4.0,51,5,LOW,40.7
1045,industrial_accident,0,0,0,0,0,1,0,0,1.0,0.0,0.83,110.0,8,38,MEDIUM,42.9
1046,flood,1,1,1,0,0,0,0,0,2.0,0.0,0.8,86.0,7,100,CRITICAL,74.1
1047,flood,0,1,0,0,0,0,0,0,2.0,,0.55,76.0,7,35,MEDIUM,67.5
1048,chemical_leak,0,0,0,0,0,1,0,1,3.0,1.0,0.7,20.0,13,70,HIGH,100.0
1049,building_collapse,0,0,0,0,0,0,1,1,2.0,1.0,0.92,65.0,7,81,CRITICAL,100.0
1050,flood,0,0,0,0,0,0,0,0,2.0,1.0,0.98,95.0,15,2,LOW,98.7
1051,medical_emergency,0,1,0,0,0,0,0,0,,0.0,0.76,106.0,6,33,MEDIUM,66.9
1052,medical_emergency,0,0,0,0,0,0,0,0,3.0,0.0,0.67,161.0,21,0,LOW,80.4
1053,medical_emergency,0,1,1,0,0,0,0,0,3.0,0.0,0.68,149.0,6,89,CRITICAL,83.0
1054,power_outage,0,0,0,0,0,0,0,0,2.0,0.0,0.67,121.0,13,2,LOW,62.2
1055,power_outage,1,1,0,1,1,0,0,0,1.0,0.0,0.6,102.0,19,100,CRITICAL,41.1
1056,building_collapse,0,1,0,0,0,0,1,0,2.0,0.0,0.82,49.0,8,98,CRITICAL,72.4
1057,medical_emergency,0,0,0,0,0,0,0,0,3.0,1.0,0.63,139.0,13,0,LOW,100.0
1058,power_outage,0,0,0,0,0,0,0,0,2.0,0.0,0.93,111.0,5,3,LOW,75.4
1059,building_collapse,1,0,0,0,0,0,1,0,1.0,1.0,0.9,39.0,9,100,CRITICAL,83.2
1060,industrial_accident,0,0,0,0,0,1,0,0,3.0,0.0,0.36,124.0,17,34,MEDIUM,69.9
1061,power_outage,1,0,0,0,0,0,0,1,2.0,0.0,0.5,166.0,4,63,HIGH,58.9
1062,medical_emergency,0,0,0,0,1,0,0,0,3.0,0.0,0.84,82.0,10,11,LOW,88.4
1063,road_blockage,0,0,0,0,1,0,0,0,3.0,1.0,0.83,66.0,31,18,LOW,100.0
1064,power_outage,0,1,0,0,1,0,0,0,1.0,0.0,0.41,117.0,13,60,HIGH,37.0
1065,road_blockage,1,1,0,0,1,0,0,0,1.0,,0.62,130.0,15,96,CRITICAL,58.3
1066,building_collapse,0,0,0,0,1,0,1,0,3.0,0.0,0.74,123.0,6,71,HIGH,86.2
1067,chemical_leak,0,0,0,0,0,1,0,0,1.0,0.0,0.62,27.0,8,42,MEDIUM,54.5
1068,flood,0,1,0,0,0,0,0,0,3.0,,0.72,61.0,19,40,MEDIUM,88.1
1069,road_blockage,0,0,0,1,1,0,0,0,2.0,1.0,0.44,90.0,4,41,MEDIUM,75.9
1070,power_outage,0,1,0,0,0,0,0,0,2.0,1.0,0.93,178.0,31,35,MEDIUM,88.9
1071,fire,0,1,1,1,0,0,0,0,3.0,0.0,0.65,137.0,5,100,CRITICAL,82.8
1072,chemical_leak,1,0,0,0,0,1,0,0,,0.0,0.68,52.0,7,97,CRITICAL,75.8
1073,building_collapse,0,1,0,0,0,0,1,0,2.0,0.0,1.0,32.0,25,100,CRITICAL,74.5
1074,power_outage,0,1,0,0,0,0,1,0,1.0,1.0,0.74,92.0,12,95,CRITICAL,74.7
1075,flood,0,1,1,0,0,0,0,0,3.0,1.0,0.39,64.0,9,87,CRITICAL,100.0
1076,road_blockage,0,1,0,0,1,0,0,1,2.0,1.0,0.63,1.0,9,94,CRITICAL,93.4
1077,road_blockage,1,0,0,0,0,0,0,0,1.0,0.0,0.63,117.0,5,51,MEDIUM,45.2
1078,road_blockage,0,0,0,0,0,0,0,0,2.0,1.0,0.85,124.0,15,0,LOW,87.7
1079,medical_emergency,0,0,0,0,0,0,0,1,2.0,0.0,0.93,102.0,17,19,LOW,82.9
1080,industrial_accident,0,0,1,0,1,1,0,0,1.0,0.0,0.85,134.0,7,100,CRITICAL,48.6
1081,fire,0,1,1,0,0,0,0,0,,1.0,0.83,79.0,5,88,CRITICAL,100.0
1082,road_blockage,0,1,0,0,1,0,0,1,3.0,0.0,1.0,84.0,5,86,CRITICAL,100.0
1083,industrial_accident,1,0,0,0,0,1,0,0,1.0,1.0,1.0,149.0,36,79,CRITICAL,77.9
1084,power_outage,0,1,0,0,0,0,0,0,3.0,1.0,0.44,76.0,6,32,MEDIUM,100.0
1085,flood,0,0,0,1,1,0,0,0,2.0,1.0,0.97,61.0,25,33,MEDIUM,100.0
1086,power_outage,0,0,0,0,1,0,0,0,2.0,1.0,0.7,108.0,10,25,LOW,88.8
1087,power_outage,1,0,0,0,0,0,1,0,,0.0,0.81,129.0,12,100,CRITICAL,89.6
1088,fire,1,0,0,0,0,0,0,0,2.0,0.0,0.67,54.0,17,61,HIGH,64.5
1089,chemical_leak,0,1,0,0,0,1,0,1,1.0,0.0,1.0,,13,100,CRITICAL,56.8
1090,power_outage,1,0,0,0,0,0,0,0,2.0,0.0,0.65,95.0,31,38,MEDIUM,70.3
1091,power_outage,1,1,0,0,0,0,0,0,2.0,1.0,1.0,118.0,13,93,CRITICAL,99.8
1092,industrial_accident,0,0,0,0,1,1,0,0,2.0,0.0,0.51,126.0,15,67,HIGH,58.7
1093,building_collapse,0,1,0,0,1,0,1,0,1.0,1.0,0.77,74.0,8,100,CRITICAL,69.0
1094,flood,0,0,0,0,0,0,0,0,3.0,0.0,0.89,8.0,19,5,LOW,100.0
1095,industrial_accident,0,0,0,0,0,1,0,0,,0.0,0.72,26.0,9,48,MEDIUM,80.5
1096,building_collapse,0,1,0,0,0,0,1,0,3.0,0.0,0.73,75.0,14,86,CRITICAL,92.3
1097,industrial_accident,0,1,0,0,0,1,0,0,2.0,0.0,0.79,101.0,12,86,CRITICAL,74.7
1098,medical_emergency,0,0,0,0,0,0,0,0,2.0,1.0,0.45,89.0,29,0,LOW,90.9
1099,fire,0,0,1,0,0,0,0,0,2.0,0.0,0.71,146.0,12,38,MEDIUM,63.6
1100,medical_emergency,0,0,0,0,1,0,0,0,1.0,1.0,0.69,45.0,4,16,LOW,70.4
1101,building_collapse,0,0,0,0,1,0,1,0,3.0,0.0,0.64,100.0,12,68,HIGH,87.4
1102,medical_emergency,0,0,0,0,1,0,0,0,2.0,0.0,0.55,136.0,15,17,LOW,52.3
1103,flood,0,0,1,0,0,0,0,0,1.0,0.0,0.69,76.0,15,60,HIGH,51.0
1104,medical_emergency,0,0,0,0,0,0,0,0,1.0,,0.82,44.0,10,10,LOW,74.8
1105,chemical_leak,1,0,0,1,0,1,0,0,3.0,0.0,0.95,143.0,21,100,CRITICAL,98.2
1106,industrial_accident,0,0,0,0,0,1,0,0,3.0,0.0,0.59,69.0,9,41,MEDIUM,88.7
1107,road_blockage,0,1,0,1,0,0,0,0,3.0,1.0,0.54,43.0,14,71,HIGH,100.0
1108,medical_emergency,0,1,0,0,0,0,0,1,1.0,1.0,,40.0,11,62,HIGH,74.0
1109,chemical_leak,0,1,0,0,1,1,0,0,2.0,0.0,0.88,62.0,11,92,CRITICAL,81.6
1110,chemical_leak,1,0,0,1,0,1,0,0,1.0,,0.73,139.0,6,100,CRITICAL,35.7
1111,road_blockage,0,0,0,0,0,0,0,1,3.0,0.0,,71.0,6,22,LOW,91.9
1112,power_outage,0,0,0,1,0,0,0,0,2.0,0.0,0.5,169.0,25,33,MEDIUM,56.1
1113,industrial_accident,0,0,0,0,0,1,0,1,2.0,0.0,0.6,161.0,9,76,HIGH,57.9
1114,industrial_accident,0,1,0,0,0,1,0,0,1.0,1.0,1.0,175.0,15,90,CRITICAL,74.4
1115,medical_emergency,1,1,0,0,1,0,0,0,2.0,0.0,0.65,77.0,7,97,CRITICAL,66.7
1116,fire,1,0,1,0,0,0,0,0,3.0,1.0,0.9,72.0,15,94,CRITICAL,100.0
1117,fire,0,1,1,0,0,0,0,0,2.0,1.0,0.57,29.0,9,91,CRITICAL,95.4
1118,flood,0,0,0,0,1,0,0,0,2.0,0.0,0.49,155.0,21,22,LOW,55.1
1119,medical_emergency,0,1,0,1,1,0,0,0,1.0,1.0,0.93,70.0,61,86,CRITICAL,79.8
1120,road_blockage,1,0,0,0,0,0,0,0,2.0,0.0,0.54,143.0,6,49,MEDIUM,61.8
1121,fire,0,1,1,0,1,0,0,0,2.0,0.0,1.0,48.0,11,100,CRITICAL,79.8
1122,flood,1,0,0,1,0,0,0,0,2.0,0.0,,138.0,9,75,HIGH,64.6
1123,fire,0,0,1,0,0,0,0,0,2.0,0.0,0.4,147.0,12,40,MEDIUM,42.0
1124,chemical_leak,0,1,0,0,0,1,0,0,3.0,0.0,0.91,,11,85,CRITICAL,92.9
1125,fire,0,0,1,0,0,0,0,1,2.0,0.0,0.96,3.0,18,63,HIGH,85.6
1126,industrial_accident,0,1,0,0,0,1,0,0,2.0,1.0,0.77,80.0,9,80,CRITICAL,90.4
1127,industrial_accident,1,1,1,0,0,1,1,0,3.0,0.0,0.88,111.0,11,100,CRITICAL,88.4
1128,power_outage,0,0,0,0,1,0,0,1,3.0,0.0,0.61,177.0,11,53,HIGH,85.1
1129,fire,0,0,1,0,1,0,1,0,3.0,1.0,0.46,137.0,9,100,CRITICAL,100.0
1130,building_collapse,1,0,0,0,0,0,1,0,,0.0,0.85,139.0,9,93,CRITICAL,86.7
1131,power_outage,1,0,0,1,0,0,0,0,3.0,0.0,0.5,33.0,7,68,HIGH,92.7
1132,power_outage,0,0,0,0,0,0,0,0,3.0,0.0,0.74,70.0,41,0,LOW,89.3
1133,building_collapse,0,1,0,0,1,0,1,0,3.0,1.0,0.73,87.0,9,100,CRITICAL,100.0
1134,power_outage,0,0,0,0,0,0,0,0,2.0,0.0,1.0,92.0,17,0,LOW,79.2
1135,building_collapse,1,0,0,0,0,0,1,0,,1.0,0.93,125.0,7,100,CRITICAL,80.7
1136,flood,0,0,1,0,1,0,0,1,2.0,0.0,0.74,46.0,21,89,CRITICAL,67.8
1137,road_blockage,0,0,0,0,0,0,0,1,,0.0,0.53,122.0,25,38,MEDIUM,87.1
1138,fire,0,1,1,0,0,0,0,1,3.0,0.0,0.99,55.0,11,100,CRITICAL,100.0
1139,flood,1,0,0,0,1,0,0,0,1.0,1.0,0.3,15.0,10,61,HIGH,65.7
1140,power_outage,1,0,0,0,1,0,0,1,1.0,0.0,0.87,84.0,23,100,CRITICAL,54.9
1141,flood,0,0,0,0,0,0,0,0,1.0,0.0,0.76,10.0,23,1,LOW,55.3
1142,road_blockage,1,0,0,0,0,0,0,0,1.0,1.0,0.67,88.0,8,58,HIGH,59.4
1143,power_outage,0,0,0,0,0,0,0,0,2.0,0.0,,40.0,9,9,LOW,57.1
1144,medical_emergency,0,1,1,0,1,0,0,0,,0.0,,141.0,11,100,CRITICAL,77.5
1145,medical_emergency,1,0,0,0,0,0,1,0,2.0,0.0,,41.0,15,100,CRITICAL,64.1
1146,chemical_leak,1,1,0,0,0,1,0,1,2.0,0.0,1.0,73.0,10,100,CRITICAL,81.9
1147,fire,0,0,1,0,0,0,0,0,2.0,0.0,0.7,78.0,21,47,MEDIUM,67.8
1148,fire,0,0,1,0,0,0,0,0,1.0,,0.49,70.0,27,56,HIGH,42.4
1149,industrial_accident,1,0,0,0,0,1,0,0,1.0,1.0,0.6,69.0,8,100,CRITICAL,73.1
1150,road_blockage,1,0,0,0,0,0,0,1,2.0,,0.74,179.0,6,75,HIGH,70.3
1151,road_blockage,0,0,0,0,0,0,0,0,2.0,1.0,0.84,91.0,27,1,MEDIUM,94.7
1152,power_outage,0,1,0,0,0,0,0,0,2.0,1.0,0.59,33.0,17,35,MEDIUM,90.8
1153,industrial_accident,0,0,0,0,0,1,0,0,1.0,0.0,0.5,42.0,13,32,MEDIUM,46.8
1154,medical_emergency,0,0,0,0,0,0,0,0,2.0,0.0,0.91,125.0,8,0,LOW,71.0
1155,flood,1,0,0,1,0,0,0,0,3.0,0.0,0.84,167.0,10,85,CRITICAL,83.6
1156,industrial_accident,1,1,0,0,0,1,0,0,3.0,0.0,0.67,69.0,8,100,CRITICAL,90.8
1157,industrial_accident,0,0,0,0,0,1,0,0,2.0,1.0,0.97,13.0,9,23,LOW,100.0
1158,medical_emergency,0,0,0,0,0,0,0,0,2.0,0.0,0.68,170.0,17,0,LOW,61.4
1159,chemical_leak,0,1,0,0,0,1,0,0,1.0,0.0,0.56,28.0,8,86,CRITICAL,48.2
1160,flood,0,0,0,0,0,0,1,0,1.0,0.0,0.79,26.0,46,46,MEDIUM,51.3
1161,medical_emergency,0,1,0,1,0,0,0,0,3.0,1.0,0.47,64.0,36,60,HIGH,100.0
1162,building_collapse,0,0,0,0,0,0,1,0,3.0,0.0,0.68,,23,72,HIGH,86.5
1163,flood,0,1,0,0,0,0,0,0,2.0,1.0,0.89,,10,34,MEDIUM,94.6
1164,road_blockage,0,0,0,0,0,0,0,0,1.0,0.0,0.33,97.0,36,7,MEDIUM,42.7
1165,fire,0,0,1,0,0,0,0,0,1.0,0.0,0.62,47.0,9,39,LOW,51.9
1166,medical_emergency,0,1,0,0,0,0,0,0,3.0,0.0,0.85,123.0,4,44,MEDIUM,91.4
1167,industrial_accident,0,0,0,0,0,1,0,0,3.0,1.0,0.82,147.0,11,38,MEDIUM,100.0
1168,fire,1,1,1,1,0,0,0,0,2.0,0.0,0.32,73.0,5,100,CRITICAL,58.5
1169,medical_emergency,0,0,0,0,0,0,0,0,3.0,1.0,0.62,,8,0,LOW,100.0
1170,industrial_accident,0,0,0,1,0,1,0,0,1.0,1.0,0.61,148.0,6,77,HIGH,65.7
1171,flood,0,1,0,1,1,0,0,0,3.0,1.0,0.81,16.0,6,96,CRITICAL,100.0
1172,building_collapse,0,1,0,1,0,0,1,1,3.0,1.0,0.66,122.0,16,100,CRITICAL,100.0
1173,building_collapse,0,0,0,0,0,0,1,0,2.0,0.0,0.94,136.0,10,71,HIGH,71.8
1174,industrial_accident,0,0,0,0,1,1,0,1,1.0,,1.0,175.0,6,89,CRITICAL,42.4
1175,chemical_leak,0,0,0,0,1,1,0,1,2.0,0.0,0.79,82.0,29,72,HIGH,68.8
1176,flood,0,0,0,1,1,0,0,0,2.0,0.0,0.37,86.0,17,47,MEDIUM,55.7
1177,building_collapse,0,0,0,0,0,0,1,0,2.0,0.0,0.68,144.0,12,57,HIGH,74.5
1178,building_collapse,1,1,0,0,1,0,1,0,1.0,0.0,0.43,67.0,10,100,CRITICAL,46.7
1179,power_outage,0,1,0,0,0,0,0,0,,,0.94,86.0,6,48,MEDIUM,96.5
1180,chemical_leak,0,0,0,1,1,1,1,1,1.0,0.0,0.91,155.0,14,100,CRITICAL,41.4
1181,building_collapse,1,1,0,0,0,1,1,0,1.0,0.0,0.83,60.0,12,100,CRITICAL,50.6
1182,building_collapse,0,1,0,0,0,0,1,1,3.0,1.0,0.67,,9,100,CRITICAL,100.0
1183,fire,1,1,1,0,1,0,0,0,1.0,1.0,,,7,100,CRITICAL,57.8
1184,road_blockage,1,1,0,0,0,0,0,1,3.0,1.0,0.58,139.0,16,98,CRITICAL,100.0
1185,power_outage,0,0,0,0,0,0,0,0,1.0,0.0,,16.0,11,0,LOW,54.4
1186,industrial_accident,1,0,0,0,0,1,0,0,2.0,0.0,0.85,166.0,11,91,CRITICAL,63.1
1187,fire,0,0,1,0,0,0,0,0,3.0,0.0,0.77,152.0,9,57,HIGH,91.9
1188,power_outage,0,0,0,1,0,0,0,0,1.0,0.0,1.0,121.0,10,26,LOW,55.1
1189,flood,0,0,0,0,1,0,0,0,1.0,0.0,0.47,109.0,13,10,LOW,32.0
1190,flood,0,1,0,0,0,0,1,0,1.0,1.0,1.0,15.0,21,97,CRITICAL,91.5
1191,industrial_accident,0,0,0,0,0,1,0,0,3.0,0.0,0.32,86.0,13,32,MEDIUM,83.2
1192,power_outage,0,0,0,0,0,0,0,0,1.0,0.0,0.64,,9,0,LOW,49.3
1193,fire,0,1,1,0,0,0,0,0,3.0,1.0,0.9,9.0,12,74,HIGH,100.0
1194,fire,1,1,1,0,0,0,0,0,3.0,0.0,0.96,40.0,11,100,CRITICAL,93.6
1195,industrial_accident,0,0,0,0,0,1,0,0,2.0,0.0,,99.0,9,57,HIGH,70.6
1196,industrial_accident,0,0,0,1,0,1,0,1,2.0,1.0,0.54,114.0,15,80,CRITICAL,90.0
1197,power_outage,0,1,1,0,0,0,0,1,2.0,0.0,0.83,,11,100,CRITICAL,67.5
1198,medical_emergency,1,0,0,0,1,0,1,1,3.0,1.0,,59.0,8,100,CRITICAL,100.0
1199,building_collapse,0,0,0,0,1,0,1,0,1.0,0.0,0.62,30.0,15,83,CRITICAL,50.5
1200,industrial_accident,0,0,0,0,0,1,0,0,2.0,0.0,0.96,144.0,12,47,MEDIUM,65.4
